,Local Authority,Agriculture Total,Area (km2),Commercial Total,Domestic Total,Emissions per km2 (kt CO2e),Industry Total,LULUCF Net Emissions,Per Capita Emissions (tCO2e),"Population ('000s, mid-year estimate)",Public Sector Total,Transport Total,Waste Management Total
0,Barking and Dagenham,19.579120245987223,642.5864,1553.2531614240563,4693.536162866067,409.10681305153815,3000.433753725529,43.10669627019229,82.28284344080431,3276.617268663936,465.0373231653521,3213.4788240070816,2475.485206193435
1,Barnet,74.34254469600128,1474.7210999999998,3601.821681657713,12364.593311806657,330.7416824546468,898.1857214241804,28.46220932925317,79.68509805813592,6189.282138537666,1717.3043678741635,7643.282076325887,2363.2867789665825
2,Bexley,27.661102774187864,1092.8704999999993,2295.186992299153,7289.514848128751,290.76866588089325,3191.273949589584,28.507405024846246,79.9817193779416,4004.543633693533,593.9058500396767,4312.405426017847,954.0442652779943
3,Brent,10.207251445467527,734.9524999999999,3713.265007865157,8663.648628114817,557.3207911411561,2611.7350530861904,50.68225683676988,77.35626769448973,5379.886303119414,1483.0275599533884,4305.373384165844,3256.431961542397
4,Bromley,134.07568024369928,2552.2915999999996,3078.2716996706217,11476.0365672625,156.19209772694236,706.0494464271491,-134.95112972780603,74.80560013614516,5367.002038997585,1182.362261875822,5723.306438169111,1284.7183898938551
5,Camden,53.43881915096796,370.42149999999987,9329.447655719247,6018.169242493337,1154.3872837249776,1526.3038936278517,5.566216869681428,117.9605485412932,3627.399718957952,4746.544759919241,3015.508052062707,458.54307888235854
6,City of London,28.595643622600814,53.5432,16993.88304077774,295.8586220577503,6929.174348941807,1505.3978887148098,4.14485717543924,3034.072382225301,123.74884145576199,1486.7798264289586,1075.353174788187,434.114475861634
7,Croydon,44.228157467497304,1470.4031000000007,4371.553342464373,11755.57868375939,292.648745947779,1039.0325361212583,-21.931557896529515,69.46839025966682,6267.062276129122,1519.0184941444284,5641.349308310562,963.6194622600061
8,Ealing,33.14281981073568,944.2599000000005,4357.678205837402,9559.848632711073,477.2551710172858,3926.9643496477192,56.931183030503824,77.86896081906286,5858.368037733178,1224.3641524313598,5882.460871816644,1467.6050823184014
9,Enfield,72.75663881510009,1397.4034000000001,3238.016306520409,9323.307017036983,307.37287417277594,2379.9467830397653,26.756900582832905,81.06018151536742,5353.614167780816,1136.5997199062076,7866.690055835397,1222.038309840328
10,Greenwich,11.680952836884618,857.5106000000003,3055.437737327524,6858.456545272023,385.47456691646676,1357.2117557680044,17.998808304420365,75.81813450007171,4439.850421490843,1561.8785572873887,5037.130096302988,1544.2365563877981
11,Hackney,4.551809617750377,323.83639999999986,3017.6912553326524,6015.005655703882,741.8190922417477,597.8279604231861,19.785567349438757,58.20128394644253,4185.590493177096,1232.1976714860436,2667.7979734270452,576.2023585915031
12,Hammersmith and Fulham,6.869156676918604,291.61969999999997,4789.945699669742,5281.176438329653,919.254817026967,803.7157526789791,21.811513755822606,87.51964613001378,3073.3667219372783,1778.5199422848348,2814.933802054164,272.0167513121841
13,Haringey,9.304052557692227,503.17109999999997,2623.7750490271073,7341.027227380941,515.4583908678641,917.0560972187152,23.462381695277266,59.91607596149919,4382.076081808287,775.8955508716698,3090.383350733485,475.78838093940885
14,Harrow,22.693502772101695,857.8777999999998,1678.7911020522945,7658.520357980718,294.7321539319172,954.6547538191651,9.945790208637215,61.491422078015496,4172.193756439694,806.7348441135249,3076.8580895020305,664.9881362794416
15,Havering,111.99309354595665,1945.7741000000003,2337.1600031288813,7921.823387684962,190.48189692948523,1109.9418133147483,-2.1773113929803447,90.16003529709822,4149.804431574482,761.1996013404614,7223.1546140112005,2338.948419793941
16,Hillingdon,160.64497322242465,1966.9034000000001,8451.563823307108,8360.046331778505,302.544727580748,2406.9499419786853,-4.367976634109957,126.06243278883721,4801.199242879783,1795.2079060540323,10587.781765064055,3246.6587252673517
17,Hounslow,28.683964854452473,961.9535000000003,6359.026437654404,6986.024880297809,433.1622361513526,1522.6281184063134,41.472984936779056,96.04902026978877,4428.022049136866,1365.5068653856406,6409.340555866075,1798.0179063408896
18,Islington,11.889503245064752,252.56050000000008,6225.9642453989645,5596.295697513316,1161.9776987433106,813.1357543436893,21.71272994603913,85.42727670077524,3491.052885059504,1732.2417831252556,2374.5668918129973,487.115075994667
19,Kensington and Chelsea,47.19568113932121,210.52290000000005,7971.074611450777,5856.422857785549,1600.1331472962306,1441.8142695364274,16.99904054468133,127.21359519308116,2621.1944138147014,1571.3872005968667,2684.4241552880467,226.25103983065785
20,Kingston upon Thames,21.415105071267696,633.4404000000003,2188.0502255237593,5167.45376199529,346.2230400093488,398.2685654835455,27.847436686891925,80.21650146337174,2752.745821259361,795.7366004827581,3982.3096142445897,319.60462890824346
21,Lambeth,13.633080066313509,463.2397999999999,4347.276588863126,8280.309858800178,777.0725790566798,744.4117614954886,32.64495662898215,70.05263972500627,5199.3840471716385,2733.511091963401,4240.33699613737,782.6372017922374
22,Lewisham,5.950607159748017,600.3838999999997,2361.25139751226,7861.850082055996,504.9403702108588,329.1098982519011,35.961535440441814,64.1249776856374,4785.0828800779045,1015.1586088683335,4285.455341107673,1938.0901022294872
23,Merton,17.58221213755229,639.6216000000002,3069.1999269509574,6142.471811676476,384.52700394962744,828.3306275517721,2.731728401627176,71.230074389791,3479.291161422168,606.7760978732636,2819.8827369652763,980.7764766470159
24,Newham,5.026892168901197,655.8276999999998,4833.450345222199,6650.138757575088,644.8897352275118,4801.632461146709,46.03517642835258,82.79291509786128,5249.610682369088,1149.6236497348693,4743.9063606108275,2648.807051693519
25,Redbridge,19.818785728992125,959.5156999999998,1698.0100716135685,8117.836084485022,314.44463185450917,485.0356066228012,16.131014694511343,63.52439518139577,4837.486266204925,989.3290753613805,5161.821902065352,1259.9328150237682
26,Richmond upon Thames,28.457415933588358,998.9437999999998,2339.294416384712,6780.671446605345,254.1368416371851,802.70317400143,-34.130215892129584,79.31972237923246,3223.3937936367756,814.3019775183905,3514.609928994944,687.528462633009
27,Southwark,13.223167121887235,508.52609999999993,8471.931829305207,7035.916543068826,850.2515246622394,1305.2229309781449,20.730139437370514,89.1373317537048,4914.656306906588,2533.660293308828,4265.822466847137,1787.3215626115589
28,Sutton,21.11613933045204,745.4006999999998,2076.3729646079055,6164.888999656339,308.11925056584784,917.9227634036803,39.76333858082451,69.66953492947114,3330.5542791034122,645.3254825728161,2818.321650141465,826.4242531923009
29,Tower Hamlets,10.849797381765356,366.77499999999986,16024.233845936773,5394.430302560807,1481.0980708244404,2520.1206548608507,24.822020601463983,126.3198692038682,4481.837739438029,2327.793740569979,4842.398334196682,810.0421819289782
30,Waltham Forest,13.609520142897168,659.7326,1812.7435610001537,6920.649217549334,396.3214831310346,1271.1814304246595,8.401322774143177,60.070203244003444,4417.639404016124,772.7316655401439,3627.647789287864,953.4003463333676
31,Wandsworth,10.282673457866851,598.7451,3573.804862672023,9093.995769620247,576.0014382870688,784.9609402271664,17.90610415525503,66.35539396052371,5260.248242596394,1906.1020043809428,4176.048056558851,723.8430458297041
32,Westminster,137.6331680141082,374.5117,25994.77205320371,7058.440853478484,2166.0448173238224,3383.5101170155017,23.72302844109501,223.22125289360406,3602.7244992129945,5409.663430637238,5391.9316632826185,318.5096160527847
33,Amber Valley,1723.191316864305,4512.444299999999,1072.988362506734,4457.580206372257,61.16202354790562,3732.293935100868,-307.0486327173618,131.97270146126564,2098.4911645106176,408.5129318350496,4042.588417442439,1104.6125529023268
34,Ashfield,269.3034681268861,1862.4876999999997,955.6611148975735,3991.1256076083164,123.4370346413802,3240.1666987207486,-119.10049210721209,112.10240832590243,2065.370963226969,879.1732803293518,3597.898597835514,709.2987095326175
35,Bassetlaw,2262.8388117281565,10871.374199999997,1247.080002418128,3962.3772725285257,29.990655981650953,3169.61295062933,926.7817456612684,168.5107864298157,1941.1811737696921,587.257079770995,6374.026381250186,648.8283254249319
36,Blaby,809.8522036212574,2217.9662,1322.3974329019047,3258.0857417516927,98.97207457945618,1141.0389955587007,15.940701427120384,134.3466097971409,1642.4953338513506,245.36531216192247,5571.294893989868,548.7727280647705
37,Bolsover,536.66530915518,2725.689899999999,832.5933296504951,2641.981786913789,114.04180353001648,8055.220267825578,-113.79457864610015,237.82568911336966,1311.0427711903449,176.9708054598481,5610.460699967397,544.7607361179432
38,Boston,1159.2669319558092,6762.4758999999995,816.0057670351576,2245.1943064166576,21.00515691707243,1097.5615616705622,300.54817257729684,129.22138829034657,1111.3730164894637,191.3595193723514,2072.893008807421,472.86881613066026
39,Broxtowe,218.65115978180717,1361.6812999999997,1374.1257252861822,3759.570003955657,166.73422627490345,2433.908403242422,-28.02569862363477,121.40907035030015,1872.934786366836,239.44467587444987,4886.97937149682,470.5744759571609
40,Charnwood,1292.802492714211,4743.724199999998,1721.4933987523357,5587.418755907616,71.30315772540695,3927.173422932273,-142.97544782049624,118.84659963302215,2873.3915366524143,924.9985823634672,5670.767314781957,914.9400002762735
41,Chesterfield,173.42386211269712,1122.5984000000003,1092.456316091041,3411.583117937288,164.75553174375136,1761.9783026647483,-1.3689155053831898,105.1449768062013,1762.252774710473,530.6575058916094,2589.293549511259,1321.6407511017096
42,Derby,142.0108738189147,1326.5286999999998,3770.6278588614873,7635.640055224295,339.6941952991214,4350.32928181441,57.18857888375601,106.07455897293308,4283.6909171669895,1693.5934368848923,6700.22064205289,2157.100995264631
43,Derbyshire Dales,5974.596475074939,13520.402600000003,757.374271558319,2931.916670057329,21.125645411027463,3004.4293867047454,-1031.7394999267751,236.26445912890836,1210.7210336114204,242.71094275235288,4138.541010945655,783.772574711894
44,East Lindsey,6089.26883334519,31124.57239999999,1571.3710058070346,5253.460612326404,13.113389726735528,2194.2324352488235,2571.601954164155,173.35141608859573,2360.810602265575,391.0038474242076,4905.9046345414345,1031.9006747425246
45,Erewash,374.96097045902565,1863.7117000000005,936.0477802764444,3791.3578469496492,120.5546943533751,1927.5911667924279,-38.74610594729284,117.62894434391798,1914.0911151336504,429.37745156134474,4305.482599106455,1490.3514882318905
46,Gedling,315.69514900477066,2039.6889000000006,671.7401002344448,4099.941955119797,78.47081675810843,1747.6852313149175,-83.0609273565533,82.24379082472534,1953.0906830373956,315.81689205874375,1867.1531615600147,480.09043309020274
47,Harborough,3146.209717105426,10075.765700000002,1051.8031568572035,3257.749637371807,25.6727454853536,1277.2434727570612,-145.81007388242958,173.94261340631243,1499.367227762343,247.88808228217658,5817.699364366937,563.2500776215664
48,High Peak,1777.8078173419385,9184.3197,1118.249872763035,3393.0178122653106,99.92814606712324,43684.726272068954,230.12633968337002,592.9009547226673,1548.4843811960855,259.30626226053914,2891.8685576485855,631.4876841304765
49,Hinckley and Bosworth,1635.4908519824608,5054.9738,1120.6935462173956,3787.567906387445,49.23085316343831,2524.143945600762,-118.11689018589449,136.51247904797842,1832.641339174811,193.97798912973263,4866.398279337715,628.7074828731999
50,Leicester,64.95303027779714,1246.8157,3501.169631868656,9239.443458633688,399.56260448594173,7875.280599196243,66.16242032915956,88.18415637673658,5745.922481034895,2056.196996505438,6045.557553890984,455.9968037664177
51,Lincoln,76.84330356118629,606.7334,1442.9394430419572,2829.5778654116875,237.09424660362106,1140.4371033078578,35.11868898356097,89.97748271960835,1620.5176270026661,943.2473466843841,1165.5416330811247,828.2356960607981
52,Mansfield,211.85925528206593,1303.8507000000002,1000.2730476273616,3581.3787664618258,115.99653098797837,1245.4119914987716,-66.21191165426406,84.54097780192575,1800.9983649656374,361.9308749475587,1997.8238657531938,564.1316469215635
53,Melton,2284.1322938109174,8183.470200000003,456.9890687745796,1859.563768411266,18.199102161127882,1721.565013150659,-115.35176858290502,173.6643038428556,859.5836044155079,129.84566851056053,1962.7572752261967,461.19339848376177
54,Newark and Sherwood,2455.672332089299,11081.2018,1600.9260111972042,4254.955646159147,31.672387195373584,4750.461029950473,-468.72950594481125,177.1903595616687,1990.9786698801072,332.7634923899116,6967.516169728929,751.618000881068
55,North East Derbyshire,1332.6369610330576,4685.5978000000005,590.7915263898514,3495.8944477762225,45.77130748218666,2342.1949849418615,-315.806589933447,126.77717144781663,1695.8648758377358,282.5503026879427,4202.147152313065,685.2346054771701
56,North Kesteven,3928.124104669297,15682.012099999994,918.1727737976805,3892.1681684609257,20.558510059219152,1580.7887629657653,3182.3742623483367,173.26083129256534,1874.3727345668767,604.2469488237799,4170.770367309822,687.990112015359
57,North Northamptonshire,2495.6308980932045,16772.109899999996,3821.245898630124,10934.087720104195,46.114061119627436,9850.413844146617,-490.7585611546033,140.19286176835894,5585.553654651976,1018.504759776703,14102.337170399884,3764.4265661043737
58,North West Leicestershire,1061.6897299830218,4748.575999999999,1462.3315035937148,3377.801540173567,75.25732700220524,6421.320222498892,-287.3218791829573,219.82060875179891,1636.5682526083745,236.50853007416273,7957.864627765715,791.2843619658695
59,Nottingham,79.63199932737848,1268.4243999999999,4480.689626853409,8763.92702739885,381.6569186694066,2681.4692238309676,31.65346263777732,94.23431494715534,5184.300330049381,3607.9197103517727,6683.704769905396,2147.6481837586125
60,Oadby and Wigston,100.0193175107648,399.94369999999986,410.4890061014391,1881.663570830224,192.94180468790677,754.9072388100833,16.89091544240989,80.35380795817042,962.2833062057773,257.44466187317914,815.4830749361014,302.27040576396087
61,Rushcliffe,1531.036103264714,6956.938900000001,1596.5171545285718,4178.1174156698935,39.113949340806904,2511.83056173624,108.16845209137632,142.4616458489319,1917.1580559569206,692.0780973813127,4927.6784803335295,461.2417174466499
62,Rutland,1176.171159929166,6693.732999999998,637.3463848701076,1460.7481977377959,53.232061157405184,14232.311313790879,-147.65059769366607,549.874053703816,652.2703810420171,299.6603894507288,2880.771903400409,420.71209718171656
63,South Derbyshire,2077.9924882203745,5748.157300000002,623.5515166169956,3214.4359625419715,44.80862220762211,3220.847457094789,-317.5028682874148,157.2894155178733,1654.6746734462502,285.7120634030153,5344.988563161301,700.9753375833857
64,South Holland,2668.493288315432,13863.562899999997,846.8922519871505,3214.8638324491785,17.930845014212753,2348.6780732492402,1692.4096081558985,164.48079843025536,1522.420627435377,140.65321809489973,3101.8397710471545,608.8404099181012
65,South Kesteven,2978.9602831895386,16023.961999999996,1702.1990439342353,4786.179255792285,23.238994830999125,3314.5740591146023,1281.858052971401,161.21825031586494,2325.3948736053503,514.5422959564665,6118.809131447541,1207.6290593660688
66,West Lindsey,4083.988850708306,19680.0891,722.1407138482531,3341.186503652763,13.544315327411107,1395.7692445959947,1320.982956173792,173.1806349952717,1547.0347936520468,311.6871015384871,3939.3076889661606,564.5447312189643
67,West Northamptonshire,5015.252625651676,23466.7252,5215.845293083214,12974.959675415314,42.01272363052037,5849.003071287894,-333.163144805493,150.50603744551543,6621.759143986317,1747.6173951346627,23910.99408018857,3613.66984763051
68,Babergh,1290.6333824023643,10397.8783,778.0477519231772,3281.1399190610437,19.62448613794844,2051.425402196977,-217.62286036966583,135.2633858227608,1514.3464046527447,191.0560628365341,4113.625104025257,514.8139768904822
69,Basildon,182.49564962061885,1877.5802999999992,2815.255181050376,5631.7165493509065,177.7611735367634,1937.2037981600802,-2.0792369024814614,110.37200686148783,3039.252095903745,816.0871112131008,5117.616283838341,3134.6974599930736
70,Bedford,1136.3005908018056,8098.939399999998,2116.827916816509,5278.481520870162,37.3685467938608,1961.229539872918,-56.58594775902379,109.00596658590045,2815.3702259336715,862.6804238785542,5344.881133695506,1158.866936502564
71,Braintree,1303.5311364006368,10399.0343,1020.6475171880177,5026.694831971921,28.23896795411912,2682.698817096901,-92.07563029111773,116.97549000098212,2524.738266027667,370.5288733716656,5820.7340799081785,1141.240159735297
72,Breckland,5439.710483615922,22186.9856,937.9873885569103,4681.817946138347,17.232982338279616,2532.9476233261075,1399.9481306241655,169.08094063819266,2274.834949510275,298.9426274786771,6294.982996095756,904.7175679561163
73,Brentwood,356.93107755084986,2603.1097,755.8489529876441,2943.992558599583,66.35404268114573,809.8560269777097,-134.058668633396,137.27741880167386,1263.539581345656,283.01003277324236,4517.216295632255,627.6067910241374
74,Broadland,2196.122838302631,9405.154799999997,1160.1777869856437,4495.6855000040205,31.15024680517775,3650.1958516499076,599.4173429928824,136.80331723753983,2150.777747643457,343.80189663105534,4189.7900555648175,598.508331451526
75,Broxbourne,92.8407619563784,874.5173999999997,1312.886535561152,3003.587508299562,161.6529870152073,946.3528593825595,-66.28205148848302,88.20964032737332,1615.1629329488144,191.62458953938685,2304.0330017343845,530.7420836487557
76,Cambridge,99.3210972314,691.8779000000003,2856.285703191402,3542.171772428406,315.56073976257954,626.5163055010762,28.167603576507513,102.23762301102978,2179.9843879324876,2620.7240139203145,1961.7058649094784,1108.0195186167105
77,Castle Point,53.975784547397254,1082.8728,566.3779794581261,3154.4932965384364,110.39079804846335,337.74806453641,-17.629307092547453,79.38615137808807,1508.6952177488365,203.31504373159746,1878.342849019712,855.0934996711055
78,Central Bedfordshire,1581.423780722173,12166.316899999996,2448.9489258839967,8908.56295563183,44.424852845451305,4045.5962314650906,-382.1718021620737,121.0348559797918,4512.663452044578,805.8376664784995,13024.651568184396,1360.4940828329854
79,Chelmsford,738.0364314481552,5830.952399999998,2182.7864695449525,5844.513900309722,56.541337049136075,1580.7678312369922,-110.23179238756204,114.00726833292917,2907.141323168255,766.4045212160216,6847.129952102609,1544.1129786390454
80,Colchester,738.1655632825455,5895.144399999998,1863.576347376054,5749.947414754182,53.88391289147981,1382.7562976528795,-112.24525557945775,106.31822436202621,3020.5482076115854,1258.3318226333442,5997.137374136467,1807.8273376436932
81,Dacorum,574.1115487819699,3612.1022,2024.5968566473205,5076.729193136967,71.69842497592181,923.4354999399225,-225.75643295565837,104.05766080689907,2506.0606964075278,656.2215688600526,4978.728570031151,1226.1707597972156
82,East Cambridgeshire,5205.38132110645,11079.2468,649.4584049971389,3016.0414036824773,39.68970561130035,1418.0852090119267,9917.468692156684,308.00962284120806,1432.6071893090318,187.7575708368375,4594.341468313264,878.0567467741278
83,East Hertfordshire,845.2683294691277,8086.3814999999995,1905.2961899125958,5054.797479464947,33.8101473887559,1597.7790377057781,-322.30010490619605,115.13387057705376,2395.5344616784887,567.343537071989,5068.040645207837,1366.2307894097444
84,East Suffolk,3757.825650400299,22011.023700000005,2615.9246419131205,8603.502187554996,22.223391493596825,4052.030200563496,411.3476656097823,119.19180279977903,4114.88759252338,586.960841009668,7220.648763685822,1525.8539822003552
85,Epping Forest,1306.7328207611297,5762.731399999999,1564.4894148802491,4857.611136474041,57.12259501817073,579.9606415620673,-276.12214336703425,152.2677865366207,2171.311367171729,432.2255429221736,9876.787097431805,1021.9726634941575
86,Fenland,5050.265889018155,9305.041800000003,1034.2857033026537,3381.461460451457,53.37373767255478,5763.339815008969,9460.578555229442,301.2686468644524,1657.5512672222362,245.86237570657605,3293.283642148812,985.3260923902228
87,Great Yarmouth,574.6307997328137,3101.151900000001,1147.6562851542062,3211.558047320602,50.89815784382864,696.677135304385,246.69983358087356,95.225187193441,1664.571068708702,379.72052834738173,2334.0634743481696,693.871478793282
88,Harlow,51.28467195600251,519.1442999999999,1629.7675568983227,2499.295748092617,337.1248019976242,2580.233958250639,2.865119626973218,122.71377429686224,1444.149759335957,347.71331850284946,1957.1336419848226,1226.7894756110209
89,Hertsmere,156.9906664634761,1719.1794000000004,1978.692091365774,3734.821408611605,139.77559626223746,892.2497822774678,-51.75379818928341,139.81487606846207,1731.2966707988576,538.1305524568726,6063.605892978497,822.5178579623937
90,Huntingdonshire,4024.593487859424,15513.283699999994,1837.7565894877655,5829.671012339883,39.07304355329393,3684.620812025507,5187.61942140062,207.4319713770105,2933.74117130951,891.9545416012882,11594.043653304429,2605.693991669594
91,Ipswich,60.06115207436803,685.1034000000001,1931.3591606565024,3957.0130523885077,264.45110740246446,847.5489385523176,31.182177739167166,80.28083154065078,2286.271661404777,677.5786021785995,2140.2661902709583,1012.4232446803771
92,King's Lynn and West Norfolk,6507.732452642998,25957.315300000006,1131.7267270238456,5631.695588428555,26.50124804435597,9189.12503735851,9816.926423828172,271.7296075545468,2543.6865628346336,361.67113889515235,6604.853073058684,1221.049048814451
93,Luton,47.006932453593016,736.9925,2299.9711773171653,5745.735879052281,385.1197673373729,2246.566398216264,41.54993291543054,81.8209364807229,3528.220895853236,841.4613045350553,3624.1217056014407,1849.491383402229
94,Maldon,791.3095149760588,7277.014899999997,685.5185213031883,2317.9538039473614,15.91486627670759,1012.0770922705397,8.448252923635398,108.86302874239125,1068.7347503283384,115.83850383211444,1400.4942230391343,480.8729716555359
95,Mid Suffolk,3154.824956651061,14808.200199999996,979.1495823279457,3550.5482499956875,18.49975397991373,2322.1899159962245,314.3649570816526,165.75211696277086,1663.9216483234636,317.1750327094298,4942.359057847215,533.9800465266285
96,North Hertfordshire,846.2206753893748,6381.495699999998,1129.1513121526345,4404.482848308252,41.10958439132125,2284.192587462869,-84.27677184381973,120.53085866881068,2190.6563943720794,324.78341117730224,5094.096341742669,1433.1517145521068
97,North Norfolk,3170.8311706754653,16829.853800000004,1169.863143636509,4133.05444936658,16.003644366798948,1597.2354282748852,1214.4815539119813,155.73328823940975,1732.6771676373687,323.1936383647372,3700.3715685915586,534.4393389676869
98,Norwich,211.2652255479667,689.4196999999998,2232.509876102827,3957.6870416215074,306.86341830813836,1795.0528486717828,59.467624448328024,93.06929885029218,2305.573281985335,1088.05910647977,2378.1744322695704,722.3535972683184
99,Peterborough,1678.1727039127977,5838.444299999999,3519.0341156157665,5658.229276080085,72.54001803341554,2319.041235490612,1822.7286844764058,131.9461837374818,3268.937528380236,975.1526027826717,7516.29344276234,1424.3393982376801
100,Rochford,254.32268030779628,4472.071000000001,676.7676927021961,2952.5166975386064,27.572840784988564,579.9556801780129,33.04991446979896,86.6252144446755,1428.809267979702,209.82413581164286,1793.627174196792,753.3302402166
101,South Cambridgeshire,2368.6586839872216,15328.684099999995,2333.209915780461,5425.845740821074,30.187488149191584,4822.393466176588,1385.3199573212783,181.61266401208323,2575.4728481772586,484.6952621091181,9215.710930344472,1183.8407264863438
102,South Norfolk,4161.284572472814,15451.4088,1170.7690325324988,4613.88424743496,24.26477859188938,1919.1679864300552,1641.778672646201,174.08363486443233,2177.796447650959,499.45713201737374,6829.472767592711,1218.5981456246327
103,Southend-on-Sea,35.3964532172841,1153.6897,1526.6378622609068,6128.817830511046,195.31609715222694,1294.6462938499496,45.94889972345842,76.52122219607635,2972.641255294931,816.7853906647587,2635.97586957625,770.7425489447895
104,St Albans,423.71266421583005,2740.4986000000004,1646.881886788326,5192.5973588143825,116.3009400794118,656.1008518311133,-97.93080307129074,132.7237129756924,2415.481036192306,554.8617096555663,9368.465079674124,1003.6973383455947
105,Stevenage,27.09799969005422,441.4764,2034.0916741034969,2446.9882787599417,347.55505296252437,1127.5429101313548,16.452279990661214,106.6876614767142,1452.1690311515054,461.2836748814653,2299.0234784420127,613.2463853954033
106,Tendring,807.5068682098096,6224.6758,1088.3902873836005,5037.293449057846,37.34817503155904,1404.912220656145,40.53646301976749,96.42029428414142,2419.022376351629,359.9289000878917,3913.630296267147,1023.1121796183706
107,Three Rivers,180.49845559765942,1510.0114,1032.3011018864981,3387.255652624718,129.140248653144,603.2233719870518,-104.77516591257186,128.6488019941413,1525.161192101609,483.48267951609427,5501.255023131675,387.53815558546955
108,Thurrock,282.54088693295176,3133.406000000001,3128.6008108772503,4930.156810447548,130.31063586964802,5976.820204130481,69.31899161134224,150.48509144547228,2761.2154342318026,429.86859550758334,7741.30871866953,1459.9807640450938
109,Uttlesford,1275.5127337750391,10900.109299999998,1439.996203293494,3120.795890314266,23.86600070815402,694.590126912808,-77.46259455891592,189.20851722429083,1392.1659110952764,330.6187584074158,7797.577725087076,720.8427022250688
110,Watford,16.83080612519177,364.3185,2276.0872617803543,2832.3544375636975,429.5017567418709,463.62910566472635,8.99979759703392,100.42076383893593,1586.0160101382764,416.66081704293754,1870.1117211301603,1319.7634509525642
111,Welwyn Hatfield,185.18530688679914,2202.1256000000003,2541.85251672815,3670.065047729192,102.78009481514856,1362.5389754979435,-212.678636822577,119.58940182606288,1910.0525566439674,733.6185922291614,4442.888589770359,590.3341940319082
112,West Suffolk,3465.4244450310066,17589.485200000003,5413.267520182459,5791.363069782473,34.99732339067705,9226.762319018057,1647.3373677531026,211.46846849170876,2925.9241314343476,1225.5746264316579,7442.773109238365,1998.3741202056913
113,County Durham,6856.608573043619,37954.39549999999,3921.7930024619413,19851.82707904096,28.854747874253768,12422.529111653963,-465.8295451022236,126.07243404986534,8711.430549605335,2482.1078348631545,15888.271986413005,3464.1338912851056
114,Darlington,993.2468196273221,3357.088600000001,1156.0951156006918,3800.6058289041644,65.23644078869184,2651.5619403444202,19.23944900858655,122.68641187818413,1791.542644446414,493.11896317908344,3363.633688810155,405.11652842512984
115,Gateshead,261.8237666416964,2449.3549000000003,2398.479152630036,6849.61971271408,162.326784353557,4662.465395723268,-255.66581845070235,118.30716692956645,3366.951979062544,852.0904676458894,7497.597540944625,1121.5841737763033
116,Hartlepool,305.67706409925876,1671.8922000000002,967.568771732272,3110.6256916754714,146.52028326963827,5614.075446738392,23.925289673289942,156.60621913296214,1566.2751850787065,401.54040307329285,2544.960452087957,1441.398571525872
117,Middlesbrough,87.07487327214858,927.4129000000004,1827.8332833914105,4477.603425909771,277.9199480132628,1262.6517016915036,36.371316339939774,108.6905554212729,2377.4918509607483,1263.8852883015886,4979.789959165019,1226.3516198597556
118,Newcastle upon Tyne,253.69231719990202,1957.0026,5011.51528209673,9103.518426144678,252.5496913340224,2598.875648096779,91.68748408604938,103.80158698820043,4798.074719542032,3421.8327157547583,7268.598490196017,1323.2444934768112
119,North Tyneside,75.15037261930142,1441.9978,2078.1304740380733,7092.74023503189,227.8949647116893,3148.0047767792735,63.248927689884525,96.02751232678592,3438.7657606869398,1007.5300197700301,5002.227702796977,863.7932410000808
120,Northumberland,13331.36906744439,86317.0869,2659.268176232548,12678.190767420789,11.88588998441211,23978.538241723534,-7311.260132718276,191.4154347274377,5379.248110815291,1177.2359269560386,11451.212678928907,2385.7628427379505
121,Redcar and Cleveland,877.4292181559273,4314.356899999999,707.7945313117348,4853.472028738521,416.031284555567,95284.82722804509,-242.31490268458464,774.3488208687846,2317.707380410155,285.16697664230975,3491.7293370245857,324.68635560012876
122,South Tyneside,67.31114557014635,1140.2614,1178.4499045387947,5025.360064461923,179.18862484310193,1149.7918845340166,44.61586213635742,80.91742216708214,2524.622231051814,660.0641911260255,3051.5833421227167,841.7572659612058
123,Stockton-on-Tees,611.2376077528002,3565.4253,4314.927131021995,6392.47118217034,312.90745723443064,46210.53825403495,-10.587596735487871,341.7825341799083,3284.8518126235517,470.2730886047461,6175.396387654924,1462.1065679843637
124,Sunderland,136.53034383668185,2373.5059999999994,2504.9581829142935,9493.759661081594,208.17007400130285,6704.336395798763,21.4543477707225,105.0724029849883,4699.572357519358,1083.2375763962896,6921.443542831956,2198.569341283602
125,Allerdale,8187.6061580713,22422.401600000005,1572.8828724621621,3870.9249977174777,19.049329147929516,7175.669939902583,182.39390218015004,261.03465041796994,1637.8035312306224,304.88671004277205,3090.460403787389,740.5696255691972
126,Barrow-in-Furness,401.2208884325838,2245.2801,929.7356649956969,2394.1426899010758,92.37768623831809,6490.905266192351,89.90377147530862,177.1238797232791,1169.6456028358427,232.13418202668507,689.0778104418266,973.6903497662041
127,Blackburn with Darwen,424.44413048348423,2329.3756999999996,1587.6986538653266,4700.263177170434,114.42781621019931,4699.961734783602,38.306680002161904,105.70370269495456,2542.786322837526,1043.5280108243428,2883.316661125508,301.6206272806929
128,Blackpool,67.07072161165193,733.5636,2021.4534086856652,5162.095250552543,268.73183624072897,1044.2540980670435,59.84729989614592,81.39645348299481,2419.7496045463563,820.780016938304,2281.1556547555197,139.33726874957603
129,Bolton,394.8025639611834,2376.4691000000003,2553.4196444520935,9142.553601939599,192.69825746570717,3674.289984607559,-13.776318907406887,96.23916793829285,4792.382077586833,1092.3247103820977,8762.482723087218,1331.6357076010277
130,Burnley,338.9516075631238,1881.6279999999997,861.3931114503966,3031.2697256771125,86.16187155344585,1493.9392541773939,-4.316343021142863,107.3777487264673,1517.166049827201,495.66912115009177,2518.9975747040817,800.836539320542
131,Bury,300.4801724139329,1690.8217,1547.697169873499,6449.676236891447,193.93403653369236,2172.892212560315,-71.2232553925496,103.1153597794893,3195.1866327273738,1016.9120343213738,6915.866784485621,956.3973118910546
132,Carlisle,6584.5350944734755,17954.0196,2067.278976090764,4091.4739973004876,19.55152026559265,2460.8441410258183,-1044.9621954003317,191.01854898822387,1840.3519984896488,548.7478237501397,4839.524405690658,1101.2858781423847
133,Cheshire East,10380.241057241392,19828.080900000004,4903.5007327025005,14894.24112026925,54.6229844889506,9404.892752613636,-280.0301754378199,169.66780963457634,6411.929569905806,1422.693736903984,20440.280650899767,2544.1186804753893
134,Cheshire West and Chester,7612.9148295735,16000.519000000004,4714.830054932787,12066.267170614083,99.14844357803773,46450.06287797387,221.70089987364983,277.2341179201689,5755.8988834360425,1182.1510549623708,16332.206612550504,4739.075634273363
135,Chorley,1142.0179715837119,3449.396899999999,1123.5505293587066,3900.7499282489807,73.3503535841138,1054.4931516689555,47.25687798433354,135.7267620387022,1877.8592619196027,417.49674311810406,6145.498952622393,1052.1406846469376
136,Copeland,2831.462021825451,13187.1992,508.4549725704714,2655.4155155733874,10.565197233383943,583.1119892604374,-615.9590239261388,117.68688582620986,1181.3339795914574,346.3508872127159,1398.7983985407943,487.97468035011116
137,Eden,9888.263118527486,36660.06820000001,1008.7602356389999,2465.1395604480613,13.238155772385687,7377.358429643752,-354.6612961861902,538.9665786506423,902.3097055136294,181.81324200696943,7470.530862781588,510.54252113245025
138,Fylde,1579.302435318985,3104.687900000001,907.6291123107842,3088.7318464477094,71.8766587907316,2139.962070809199,776.207408463448,170.71639178680599,1314.0122297313337,523.5911262632472,3179.509869746822,931.8068859346863
139,Halton,179.50827980462824,1535.4655,2168.5232028365017,3846.262480538433,247.20680813340545,10339.428894025927,52.168976546493255,179.0479477907199,2135.143333232841,322.3129719512738,4170.151217509947,1249.7336976081765
140,Hyndburn,345.7330604141491,1240.9574999999995,631.4319540610261,2737.6751155812176,122.82799484759153,1757.9124636121098,-68.33054318615538,110.03909582695094,1386.5560940483745,196.3991007110553,2638.7529641450556,726.5624385486035
141,Knowsley,128.64618850760823,1470.5033999999996,1201.3250973591303,4569.236281210093,221.0940379446738,5452.622865574347,53.15273400964493,128.56798502641092,2536.2276819138715,582.0864733537338,5863.107329165405,1274.5015318419144
142,Lancaster,4171.682161346782,11118.458999999999,1184.5885875572515,4745.963106748665,32.659524520468956,2040.584157006363,887.2196581278306,154.8751336900594,2348.5840542510896,873.4356475527698,6185.597784176649,1271.1397410324364
143,Liverpool,49.99716587832386,2270.078000000001,6510.280758344112,14103.688922996755,339.0118273345719,5575.888052643152,72.99008010820826,97.29482309123355,7956.310154255546,3480.470142589176,9936.035272124129,5540.254956610859
144,Manchester,86.08575563614443,1966.0211000000008,10187.23502392409,14008.905852673899,462.25317701544856,4643.991566306814,59.476581480910724,106.90652352224672,8628.61327126675,5425.181232337354,11849.280555012652,7198.637524063839
145,Oldham,258.12315966514973,2419.865,2109.4546395979196,7083.806684468376,129.7908036768642,2518.618066347923,114.22095476610971,80.80249342373271,3919.03888183806,1016.4686295533666,4391.067148319389,983.3126666649963
146,Pendle,983.234307324056,2879.4616999999985,632.3849080708002,3154.9616858154614,61.88842585149167,2316.2735663919466,-25.942402782094263,115.23238477499899,1555.6495545179382,217.49450738863337,2374.498983296091,829.7622040633481
147,Preston,1561.8138965201554,2430.0616,2372.5150239924733,4464.309888132871,125.30269617667297,1498.4243791823321,-29.142825365014122,127.72892531619183,2391.7287383257935,1144.2048286537909,5266.322965590783,1632.9206877278884
148,Ribble Valley,3793.092339968098,9936.013800000002,460.10683110530744,2389.227319489417,37.1781575902729,12809.046690219318,-539.8840135020505,373.02431976156,993.5133930915398,177.9711356600495,2086.55004065503,553.4594726122679
149,Rochdale,398.8927460392594,2688.1811,2083.5590896374238,6847.850670705795,136.8799685509793,3408.4847982143187,19.897160156355934,101.25831862717277,3653.448035948832,734.315666805318,7593.819285813329,557.7773136480187
150,Rossendale,470.77265623018826,2346.700400000001,429.34258652750043,2590.898244286573,70.75509616587759,2337.425390370988,72.33138910398588,142.4793227499249,1171.0028196885314,163.43641145400463,2272.1255020035246,1430.7862008763752
151,Salford,190.00040880758917,1652.3558,4085.702777428956,7472.142120382259,317.3059380260615,5099.494614802083,862.3212216002484,129.49047040161224,4106.463135850447,1328.7506398912237,10151.778760704627,1651.1216370773243
152,Sefton,348.2849123657649,3446.8469000000005,2804.7617061576398,9782.729860292926,127.70961743798259,4898.952015657009,332.62178280869574,93.780512398156,4697.792565617864,1868.5264315879092,4677.773830489956,1180.2023410104598
153,South Lakeland,6453.800224611762,29638.0261,1589.1023522864366,4590.211457259565,13.356875740385414,3409.1631187637126,-569.6603810589867,223.50093728162918,1771.7808553654672,379.32944451098166,6651.057605400242,783.5509904615653
154,South Ribble,929.2269090775806,1948.4533000000004,1107.318729773833,3687.269566257074,148.9978406229961,5497.526605907807,74.82039276346589,156.51464645273688,1860.097990440977,251.8544038397464,4332.266233499984,1197.0897621011404
155,St. Helens,362.83767463938864,2318.0978999999998,2607.458086638091,5710.419522054303,201.91175732942497,9744.075085955837,272.715135657738,155.04052723057984,3027.273934419328,1001.058013432868,5593.474342658339,2240.3868831192904
156,Stockport,313.4428490882639,2142.6833999999994,2735.0077573813255,10275.114858712113,208.11971794157307,3716.43970116081,-70.04587406906889,91.7658138185547,4876.6339186559235,1082.2350609126975,7598.0072636789155,581.2492564343942
157,Tameside,241.31321166393514,1753.6230999999996,1803.4417140849835,7168.262604895207,182.78952087055742,3490.745797026076,-10.961686088488749,85.16790938275952,3786.6393799772945,817.1909893501759,4880.86135597568,464.6710858301705
158,Trafford,190.37311166409927,1802.7598999999996,4371.094294329494,8033.70430060483,314.8913156945394,11911.281784776149,246.17880107209652,147.0675335875419,3882.4322599972475,768.8310480534245,6209.776229692583,1661.3155352400488
159,Warrington,495.12399913005993,3100.5178000000005,3180.9992382818773,6762.854540292904,164.8296411203752,5306.38453546876,305.91245171586655,147.8871469647572,3475.6920507834147,683.2405308154302,11544.467818830855,1783.2072537780816
160,West Lancashire,2286.624149150159,6483.465099999998,1000.0028720429483,4054.904766156154,52.62165798294578,3367.446040463732,3858.7766616433223,178.32861961831057,1918.2136135052303,523.7553925598378,3966.634181513131,1010.7196445039696
161,Wigan,477.20924934777577,3198.9087,2415.8839280150046,10169.484565545801,160.10093536487298,5348.611872920777,94.3689833762768,94.78746803850089,5429.390748540905,985.0923731959584,8343.694751359533,2292.023394875925
162,Wirral,369.7968301715495,4305.182000000001,2551.4458064077285,10912.241868166737,109.70291767206959,4233.975408448214,11.681625508634891,87.06724705819482,5432.954318921674,1344.993866764279,7066.336323226872,1291.3533600869184
163,Wyre,2985.3518415506337,5589.115499999999,1129.0231748515214,4104.907486455625,53.343564229438805,2595.777757506869,1436.7145413632438,160.98254804293686,1854.5685661158732,249.62795343296762,3971.821346774804,1064.6195251232793
164,Antrim and Newtownabbey,4710.769212171707,12379.168800000005,787.1670774246855,6001.001478540721,34.35528078394353,3751.351725461513,1005.7798783608587,179.74884396914427,2375.0938933984107,746.9539773738892,6173.541652149186,1840.4832335664596
165,Ards and North Down,3767.8251075176877,9630.044400000002,923.6150842753536,7136.243558073697,40.36471075640831,1665.9927662041216,3059.6503362065077,144.80385706837922,2690.290011764975,576.8947698552622,3794.782141238194,1940.5231058862114
166,"Armagh City, Banbridge and Craigavon",13450.43433633892,24430.166199999996,902.0521695083763,9158.687965278355,31.498086041937004,6408.606451349475,2869.813120480309,224.1258788779768,3455.966565751649,749.5092892080094,9475.34119270419,2250.4658860983072
167,Belfast,431.09127801057707,2341.187299999999,3650.2584839480774,11794.626563403728,289.6068142326763,5242.8274101653515,1465.6694111989848,119.25605289339335,5705.822761630677,5590.0558715272755,6121.430599454348,5587.793057291719
168,Causeway Coast and Glens,11991.601890524067,33754.08819999999,599.3347451199602,6617.988411145716,19.001284763440495,2467.6683034234384,6881.2205469597775,269.0749385871211,2385.5607913979484,565.0538244931672,6872.466803295953,1732.373817301838
169,Derry City and Strabane,7180.822504820985,21271.105499999998,712.184895285056,6152.456737803079,26.864905508133084,5998.069038451179,6108.692474378445,226.44019360739802,2526.210446757328,1024.3013431549084,4732.665314005554,1705.2923574554998
170,Fermanagh and Omagh,16420.899288982182,51205.951600000015,502.8175837561508,5315.9618683254685,15.82375414727512,7523.91444040429,8913.310544046946,420.47140803050536,1932.6665927498668,509.52802617832526,6983.906667154523,1492.6256397208838
171,Lisburn and Castlereagh,3969.473135525608,8677.449399999998,694.3756393724819,6017.514842806835,46.6782005773123,3032.5279458966515,613.7537472736899,173.83350593396742,2343.556214974457,906.0215685688048,5827.807898421353,2764.8619040568287
172,Mid Ulster,15527.084862288913,33273.99120000001,466.9952976069984,5941.9820882734375,25.096041872067808,12702.372048334017,5498.342494429811,352.68515512508657,2384.173923398134,278.32072751419423,7335.340550623877,1369.8840724590857
173,Mid and East Antrim,7645.720154109978,18043.0435,345.33827841593666,6054.0740088648345,28.067496466035912,5879.796020731838,2513.3976936283425,219.7096293076495,2309.5968075937562,293.61080067853914,5336.084312481409,1721.570476546906
174,"Newry, Mourne and Down",11759.577052657169,28599.79359999999,621.9726144079273,7537.856909656824,21.53873783898511,3388.8301163501133,2634.76765199044,209.80621822545473,2948.9458957154225,402.884094479148,8187.822997495945,1701.786009990921
175,Aberdeen City,604.2295223570154,3495.2220999999986,4861.236417983981,8162.896585012603,138.73411515757834,4780.420715152846,531.1315939765484,129.35101509845722,3772.134771183574,2445.831870530947,5433.487902383213,1704.6798233506588
176,Aberdeenshire,19291.670648189884,107748.52959999998,2770.988103143669,11154.21849526208,9.592790538247533,4867.32660320944,8578.083173783016,240.13408255811748,4324.649922844706,646.8886122342101,11282.84625154965,2208.5119512729857
177,Angus,4716.881217886758,37466.17760000001,957.8972446698834,4651.715188083894,11.374068510266877,2541.4952374111226,6712.740176313391,217.5070032255765,1961.521101858711,421.3662470242572,4479.977431635171,585.1549534594219
178,Argyll and Bute,5376.62537075551,121807.91549999996,1340.0388873825784,3918.291626103257,0.7072222902289658,1542.6184401356868,-11227.76565903765,57.19702056550678,1500.2153977919982,313.78359110288875,3388.81682884682,414.95991282422307
179,City of Edinburgh,624.3843106230554,4641.0731,10267.201019507516,16493.70752435044,192.70851445214393,3948.785758063363,1183.2909187261919,109.57652376666351,8268.172880677808,4538.017249498048,13072.658073861041,2482.2082374177908
180,Clackmannanshire,468.4859002414095,2786.514200000001,1724.3311903535575,1831.0772419576178,64.71961986578113,4738.468120902518,368.36342589974925,207.70835087016033,868.886664509603,204.70798798164967,1183.7768431168872,89.15045275844781
181,Dumfries and Galloway,26524.234235003107,113497.34990000003,2459.850689227528,6242.002296520436,6.573871092312736,3254.6605754420766,-5483.626639910161,292.2800847673759,2552.4382569165327,533.9638227671942,9748.251894287758,609.895336174632
182,Dundee City,89.13598572170426,1057.8046,2380.6832490819966,5095.705389946915,245.18351766345313,1838.6981879517084,374.190934737839,104.38866452943311,2489.93104165811,1513.478640368226,3650.6049455041766,313.7528330746123
183,East Ayrshire,5929.428476165306,21595.815700000006,826.7947398101385,4440.022990066628,13.846662156725914,1788.0696108935495,-648.2332726791899,144.2920237321931,2073.5379687385166,554.520205838149,4210.880972635108,488.51415943603513
184,East Dunbartonshire,506.06745663100827,2966.313,1047.9255324880742,4175.112732277352,58.17974010092286,580.2889242355118,328.4041509214176,95.57499396006428,1809.4150441914965,370.73260349452204,2147.7903538772316,995.4029165448121
185,East Lothian,1940.592196588982,11915.934099999995,870.7770079708217,3665.985957016331,36.29673887239126,10711.569076727861,3273.2591025212273,252.02448767879943,1727.9996009859474,514.9294275305705,3697.778642263754,766.8467333994272
186,East Renfrewshire,829.8392607402736,2962.241499999999,552.8849075985337,3578.6104335934992,52.29946737654141,160.4386141387988,369.9318437310189,99.22905620575418,1568.9675370109187,373.91009199826004,2781.371604421075,466.1692844071934
187,Falkirk,1102.2037298727275,5353.869500000001,1413.8185080944322,5534.20880143548,161.48321145353088,33099.59599571216,1342.6152275571037,326.36699804458385,2659.572258772201,862.6924972147301,6072.728075563566,1428.6101388503794
188,Fife,4832.1412617196265,23395.1875,3768.875439076422,13599.190694154231,52.779121681486544,28798.937959462757,6047.631142734818,198.97630532067365,6223.260131983041,1893.5072956803303,10925.740109253173,2767.9436169594064
189,Glasgow City,208.21908392124763,2998.0503,11430.191756378506,18413.035112732217,364.51170338467506,7711.833374754352,1023.6682135752067,108.27018858269564,10184.103388917305,4950.95049909627,14296.736022201663,6249.155448277956
190,Highland,11372.188626781786,450057.14319999993,3187.4215066561283,10404.38796015875,1.8000843750137554,7797.319292615756,1776.9957216741743,206.44522341000035,3937.2207659509672,1009.5989755599938,10552.94946503741,1554.4814713776534
191,Inverclyde,424.2893931413178,2951.6198999999997,757.9079234703279,2882.1404727813137,46.50783794592589,1049.714128351212,63.341178416840414,100.35135289194918,1360.8923168442238,376.9200551163624,2109.6264748251774,410.9697849074481
192,Midlothian,1164.8760877915756,6039.615499999998,1184.4198233170582,2948.9115259639966,29.465956599943333,670.7549864981672,972.9806521581247,122.86048953990016,1463.2190467592902,407.3124896468031,2508.3172315564166,610.8418032646258
193,Moray,4720.827041267928,38371.61119999998,1001.4757295573525,3744.20879138913,7.485013762583503,5699.276970502453,-2504.9537712063793,180.31356066833982,1597.2775325562145,637.8972780679371,2888.776929635123,707.3167910513534
194,Na h-Eileanan Siar,1464.3113413116016,55562.7371,204.13803633584223,1369.8279804158421,6.198901291115414,493.4319439315545,15397.119216400406,745.383333159603,462.09338416866547,94.43651178334281,875.8776726746049,361.3233410936433
195,North Ayrshire,2501.2483562228067,15364.951900000002,2864.913312896875,4915.071671861849,22.954633392454472,6363.814522416391,-433.0184811868349,151.73021567066593,2321.03809787234,516.7534256682104,2928.4420123350305,1089.6480007972496
196,North Lanarkshire,1378.5504928936036,8029.254700000003,3864.5908675418427,11498.031123445746,86.61294490125054,6152.655592864868,1705.9595671108564,121.75464884376439,5723.792223451151,1330.9637096818162,12220.603618169811,2756.727082950695
197,Orkney Islands,4264.8244860607065,18470.3742,208.57089367001873,980.7994691132484,6.807486564191455,271.33633672383775,993.0788584720468,345.8881404864925,365.2239320474777,69.74272277473466,541.5963710689348,66.33463870991416
198,Perth and Kinross,7277.650658292487,92122.05649999998,2180.588769345258,6312.182505454124,5.129501773462352,1579.2637810955582,-1832.139537052855,189.5355677304663,2506.6035680535965,883.6252082089325,10045.340003321906,1349.9740343786495
199,Renfrewshire,1025.159732681894,4577.0749000000005,2867.533884091202,6075.994042265595,76.50588604869591,2331.3393080792694,627.4091834670426,118.04078919323115,2976.2915780672192,945.5735054738468,5449.716902300712,1275.6952496255178
200,Scottish Borders,12991.8608112549,80625.64499999999,1219.0551441306511,4882.744651103826,5.736074055892764,2154.2190564851708,-985.1159061726762,239.2651790152632,1936.5917879049825,511.52340762794614,5703.388441800896,726.7167775410618
201,Shetland Islands,1799.7882263774868,28173.936800000014,245.0669774527192,1026.8684010005634,8.481292260828498,721.6912452020727,9272.576806215438,613.9602251801548,389.45763149615465,89.48090238206956,816.9938974270445,83.49778740797501
202,South Ayrshire,5193.357369318429,20989.65010000001,1464.2280260556543,4404.223535306708,14.078991886809728,2831.5384903212234,-1292.2238894690875,154.43737580553696,1913.6908810383536,457.76646314374915,3928.980298382662,395.2540284038963
203,South Lanarkshire,6112.975944977819,30158.380800000006,3412.2049393443863,11864.038733196867,22.565885819772365,4307.501886087754,-181.64370049611483,127.29579622901055,5359.963732403566,1276.2384316765215,11456.772182489052,1784.2985028422443
204,Stirling,3164.363920107312,38331.81420000001,1148.3274771561462,3550.61255916938,6.602245742562834,3455.2167325806995,-2451.3633166147424,164.60623794124285,1543.064536395656,559.0382945375947,4685.56803961577,775.0631820748752
205,West Dunbartonshire,426.0880630159133,3107.310999999999,1022.5306426222473,2990.7128272612126,50.70415754363669,1025.04562192156,235.4954937135232,102.83058400636304,1528.017137991319,669.2989364829407,2349.112284396816,549.5741588843321
206,West Lothian,1610.2340762556348,7337.0436,2246.7601780672267,6043.938874322079,57.189458577843226,4369.5543025636925,799.4431523188249,140.7009630915055,3001.7685999625314,964.1379298038482,6853.681733017246,1794.6939328296667
207,Adur,124.34783911938014,742.0143000000003,490.5318070653523,1933.5512873712344,119.8857945507492,450.5891955724612,11.834865166206908,84.0649718819194,1065.5226207042324,183.50164717002912,1736.7028864161712,301.7036440908099
208,Arun,653.2051886858436,3819.954399999999,1420.1239203250543,5232.166841008458,57.916734590887316,1009.23691408071,-249.02536422677989,84.90831949908775,2630.054401085112,487.3110738817768,3678.267461229734,782.7895611382737
209,Ashford,1808.5568828263451,9870.4924,1320.3048792727318,4119.230954770486,25.62486182855242,1728.024238039561,-852.8033906766823,123.73412265707896,2069.5937181004174,539.6378116083523,5237.893599319361,977.390550120833
210,Basingstoke and Deane,1522.5504050701823,10774.894100000001,2583.4216271255846,5762.847301254328,36.04675891153146,3097.464297205414,-727.256159700657,134.34831457113745,2920.590970777439,565.7014813559337,8936.74419557359,1105.5862591734399
211,Bracknell Forest,147.12089764502755,1859.5330999999992,2509.787583745198,3717.3157432150565,96.17141616583328,355.43330249250903,-323.01806914076525,91.48805125232303,1976.1656005216782,730.3650275391888,2659.732129680374,722.9064221317648
212,Brighton and Hove,184.97933800040894,1451.5619999999997,3637.782132328316,8138.93812844339,240.83746760443418,736.2259567505924,32.15070266642037,76.51262639870765,4606.189595748501,1500.0648809223894,5387.851332959808,946.1555368008932
213,Buckinghamshire,4982.354181660797,26603.94599999999,5828.797585446419,19686.71874082281,41.14248262423325,4043.3475168683217,-1801.3546129459803,125.16704630184347,8817.446013714558,2234.8929280210023,24948.277897888573,4462.400235240396
214,Canterbury,710.9824583419419,5415.8277,1619.5461557816,4818.461405323382,42.57933961018596,860.1880517878097,-523.7524495364376,90.62013225303002,2560.12651852664,1092.6668398051459,4023.397508828558,963.3551419357859
215,Cherwell,2079.199099163723,10008.600400000003,1814.9524701502664,5021.904739040215,45.74774844981714,5407.556150839571,-113.04702686529122,185.81574018312733,2486.743653259996,636.5604298130455,10764.137553274913,1322.3209042270462
216,Chichester,2671.3569456818195,13811.053299999998,1457.3994606570689,4625.8832881036,19.490577355343383,2333.3201361764404,-2225.863804133665,137.1003435095875,1978.5103546569128,764.3207706914743,5271.60069765191,936.4179582549116
217,Crawley,73.30024411037309,764.5086999999997,3739.3293020481133,3026.058383636909,298.06788557488045,1412.5790119163184,-26.97517711694345,124.20921153244518,1861.4421777598716,424.2273738657271,3959.093363847554,796.828186668453
218,Dartford,103.66893031474427,1297.2768,1972.116166162815,3057.9988598939212,189.09226626667814,957.2943474375389,-11.421298295050306,144.36089045870366,1729.6926122094396,362.25631114604676,6486.757191547901,1501.0359675087966
219,Dover,895.243532184266,5453.280400000001,1491.7252611561937,3584.765220861497,36.37534024215486,1142.0969244498287,-9.21998433775675,104.47660570778714,1910.1574508899853,781.8920348394996,2950.5322967823045,831.4900073508959
220,East Hampshire,1313.2945117655356,8745.3474,1138.8263451455732,4450.902433614593,26.01025878165223,1107.3249932254728,-1105.9404235886625,114.53563039559141,2001.0781673308652,520.957014757437,5536.997196680026,418.15257601470125
221,Eastbourne,85.41835872860509,770.6303999999997,1366.0158637850482,2987.4549010669552,162.45084656554434,369.60366967467405,8.60907563802663,74.00319167525943,1701.003244672375,623.4104807963205,1481.5217748201624,442.0576913222112
222,Eastleigh,226.738817878234,1449.7566000000002,1424.3268220191546,3891.5080751499677,149.3127883934189,1710.6059044417525,29.492859299965325,101.03662923863547,2162.4045972268555,390.5455934632911,4658.045388706861,402.1012706738599
223,Elmbridge,114.94516077884812,1637.6831,1955.0225169293076,5563.03386291135,151.5119125474559,717.687602413873,-124.13918630078295,110.29544532435825,2261.342643646352,549.9193066671567,5209.290082522388,610.0346909982427
224,Epsom and Ewell,22.47440560530852,579.3498000000001,623.274525892742,2739.7562727184677,164.9565385983618,97.10575447054943,-15.222270604773078,74.73480381850075,1295.2250397795246,437.85551919154955,1283.3837058603738,432.99194837479337
225,Fareham,153.58843086922408,1324.2439,1324.4231964255384,3565.120579710412,143.43271728437222,1116.5205523331404,-5.847800959124715,99.67231318390773,1914.3534103046304,524.5074716814231,3692.9026787704165,801.7202396545272
226,Folkestone and Hythe,960.8747633319758,6212.944100000002,1454.4671793695438,3622.3030056432003,32.313162921144276,715.6014966387194,-75.62580852617037,110.51141801687154,1828.030174188644,769.765151625905,3630.1946770912386,731.823942076299
227,Gosport,38.000859811766745,469.33090000000016,721.2335836167407,2304.7839001243738,192.60586211194345,621.05939607629,24.866587643168156,64.80427928119819,1400.252534897957,324.05627335570125,1041.008082401205,242.39617639865565
228,Gravesham,158.56755724391206,1784.2961999999998,980.4767782681458,3129.3684874170162,134.54447360133793,5850.73064491273,-90.50277851503616,139.82337958477734,1748.008173016623,302.2904692571782,3135.990298961328,654.6781293881138
229,Guildford,370.31874991301123,4605.828699999998,2313.940700267071,5030.500273527762,62.654527799590646,743.4328177217369,-830.2813986524977,124.10948500089508,2341.173379470356,1067.0263190277676,7500.820933046373,779.3017418724485
230,Hart,441.6508415703295,3659.5049999999983,1218.3579094873846,3425.6044929166233,45.745020702619385,478.37585444908,-565.8514712264941,106.00527992477951,1589.5769360696995,440.2223022933793,4051.9610273248345,356.98092473422446
231,Hastings,26.1697478815111,523.6187000000001,766.1270644512762,2780.778103812205,205.0878988227322,615.3887775663504,-16.54015388450229,70.26644643095526,1535.126503195942,389.50513698689474,1239.4640069204652,516.0401966946567
232,Havant,88.40684121522888,1342.0871000000006,971.7532516637079,3822.4015255660233,120.60124713986062,1073.3870463031938,6.57983360643662,78.78013421128918,2063.664815618141,318.84940616238043,2848.0048582301406,391.6394743304679
233,Horsham,1627.1100532004184,9026.360800000002,1337.3949686015408,4935.5517499308835,30.245931627708654,2214.947366643247,-967.1138118904087,119.90592209303082,2297.413688387222,391.17383522530685,5167.677775994924,1352.7105095781824
234,Isle of Wight,1127.5615045940663,6678.091300000002,2146.125746702782,4706.73913184527,33.838344976412365,1292.9871733132866,-434.23382810969656,95.47425959709672,2371.304248044781,646.5741127319234,2271.3360824178985,1535.5899114090623
235,Lewes,1013.0342066723442,5005.0176,688.0980202852536,3392.0209171945253,33.663188804742404,716.2204434943447,-208.85916714286833,101.42249537725682,1669.3976911279003,390.529513507014,3090.5766989417716,829.2530399804821
236,Maidstone,1021.4684715688622,6686.9619,1980.451060457632,5272.404352142433,46.32731596849597,1572.363410345193,-455.42447054638984,116.08309495555632,2702.608609747823,807.5277270163857,6958.907557655155,1065.1840566898018
237,Medway,265.51192921752113,4574.0829,2111.512425616561,7958.972834414888,77.62430833479522,2089.6681754220135,-47.81301845774064,78.30445110268074,4566.392032048317,1066.0537183819413,5438.930907884461,2003.0466380212
238,Mid Sussex,883.8727614841047,5678.4998000000005,1311.5207396244066,4978.834242519984,43.903774729232836,1651.3241152060484,-966.7728742207812,103.85334522902401,2422.6799565578976,616.8632738423652,5167.35860162451,1022.1506704601685
239,Milton Keynes,678.4440455838803,5246.653899999998,5255.529292043554,7719.776848474578,97.72005435484554,3775.0879418777845,-27.726251730473127,119.16858944042569,4382.201973297882,1399.8600134967926,9861.871243635575,1496.174765974923
240,Mole Valley,745.3641180403181,4391.458700000001,1453.7797932045287,3536.5244385308106,45.920074322301176,1317.7255257207084,-865.0560693041596,139.14775893262004,1454.9251630265019,388.7853455980797,4886.33143760689,398.66952162141945
241,New Forest,1443.3120756118788,13196.856900000004,1540.048186533651,6302.590484972955,37.3490042731023,11802.995207599213,-2309.2232002260225,164.98094819118498,3001.3945444449705,432.2989562127337,8078.3748790609925,1703.1013366828067
242,Oxford,62.31007601993981,775.2459000000003,3547.942527068516,4159.198504086025,341.15866077520093,1782.6807690092194,27.444496954796932,103.93792095407609,2572.3792607530518,2537.906906141108,2428.8576815380925,1011.4150989155619
243,Portsmouth,45.8070074336614,1022.3103,3323.732686404543,5496.95311650338,304.02083635241996,2035.2425061758456,42.42641405616059,90.53409801669521,3449.479219681027,1689.1887959060093,4874.703494947801,774.5125913780879
244,Reading,56.28356767332755,686.7643000000002,3592.120896904644,4725.615138245606,365.251162516193,1014.6886874929314,32.599917234530814,93.200254643854,2739.3864603836187,1032.8268953501126,2429.8322449746856,1871.4125903370718
245,Reigate and Banstead,292.59392668338717,2195.4463,2011.5737890473115,5186.752244360798,126.90930128065301,906.907052018694,-194.1230245898352,117.92560671466168,2388.7123214188787,796.4933458381552,6268.894676157005,1120.4701041430146
246,Rother,1395.1985038238226,8791.097800000003,721.3465217324635,3604.940492310377,18.733102580975597,1514.3450652274155,-1347.838186037432,106.51463345680767,1552.136191104504,232.94054320670276,3190.834331270433,375.55842768909247
247,Runnymede,136.56815162316317,1326.6919,1414.2899249097502,2866.3727304033578,161.6597843031053,387.4156806653095,-154.08521146403316,154.84152859050772,1396.2315074887608,1153.703402207385,6348.193021684779,463.5850288336395
248,Rushmoor,19.64404491093034,663.765,1667.2343641715247,2781.9357051968836,226.18050776359917,1042.762797169416,-37.85686481911011,93.15812091068233,1625.0079363040443,427.6419313484326,2464.339781659169,465.5161659924811
249,Sevenoaks,1002.7136499031905,6295.897300000002,1215.8840059074334,4633.579113112261,46.91831489396511,906.7505212367817,-832.4277628487374,150.19001562350968,1974.3470666021606,379.73261238226837,9178.38283902985,891.4374954807643
250,Slough,43.40725293544583,553.2122999999999,3992.790420182322,3541.458001094112,517.0004610880449,3077.664585191364,33.4248835491085,118.99888720129914,2443.361975741681,640.1515416763198,3576.866702218353,1918.4139178340229
251,South Oxfordshire,1995.7898583797376,11534.862100000002,2044.2651697950166,5239.385200606853,29.24233667950837,2311.406692604608,-726.6706913167727,145.13450503221034,2343.755811296174,525.1419308713918,7146.745187052848,1305.4849508240152
252,Southampton,34.32311092048137,958.5501000000004,3248.7681273101243,6331.4129860620305,336.241458960368,2066.312893533293,40.127391021368844,80.4318714496541,4047.580681936,1770.1620747494817,4447.063982344607,1020.9049699766547
253,Spelthorne,47.028550613674476,869.7420999999998,1471.1689962393227,3258.429498140292,198.2939941483786,874.8520073464385,25.23446271621304,105.25839737953756,1655.306183630249,442.0437004907943,3499.582701047683,526.6386062290234
254,Surrey Heath,102.4154280266185,1616.5810000000001,1432.391788398546,3310.3222566475374,121.14916844568953,1218.0240768217411,-89.67089503511968,132.89171121131352,1482.0858720503527,378.96968831100725,4638.189603197412,529.7959286382076
255,Swale,1181.9523561654073,7174.484500000002,2341.0280117230513,4323.961768669265,65.56930262326898,12828.669929429536,-239.19126523329928,201.25945156804397,2368.4882434102046,606.1377137228698,5697.064583057237,932.4913346102093
256,Tandridge,679.3380151750453,4219.3099,806.8032367167349,3436.7578260830337,49.426090823530245,399.69109722906074,-502.63278503022036,146.33439530880298,1433.2944446011852,348.94756261871714,6655.702240898613,442.6865904278559
257,Test Valley,1778.7549447504985,10669.5723,1614.6492729229528,4259.8586085083525,28.592574231608083,1871.3182711430575,-258.06087284775197,150.0710972921296,2048.98219246366,538.3734626649796,7562.200344251312,578.2317337395097
258,Thanet,1392.3624821513176,1911.8896999999995,1169.5706409216832,4423.166933540319,103.51746518858468,844.5729475713799,85.99351055603915,85.98596900541341,2313.009578009976,428.87724572423264,2323.918768527305,973.5360277232301
259,Tonbridge and Malling,521.7012893562738,4096.5495,1576.5688283250154,4144.316623670663,92.63000614482829,7974.054520630541,-422.53442372224947,184.5156448324532,2089.727461888894,477.38305766246424,7061.328084177019,988.5588056410517
260,Tunbridge Wells,993.970982802064,5632.5879,1521.8449703904062,4169.188959662553,33.18036180955764,799.2620987652103,-877.9261504867187,97.62376861298208,1922.7870350929363,595.2309956933732,3000.803150239285,791.2311368242091
261,Vale of White Horse,1896.9635862791574,9837.2234,2338.3489506346873,4470.049484497356,32.77258800052686,1897.4799529581883,-173.25597469796585,152.55458422154913,2134.9356207135556,587.54651617414,7028.416716603656,918.6430944532517
262,Waverley,579.4080259439484,5867.895099999998,1212.2390687995924,4968.132208116986,33.64510465800639,552.8851345179401,-1262.4172718784905,95.31858023801288,2084.6485029760443,671.2396763676963,4351.751565464591,540.0524610032011
263,Wealden,2381.3545673953217,14215.2402,1045.1953412893874,5917.944863791468,18.76357284203931,975.5536516246839,-2234.481918578901,103.70056723409228,2590.8920882605426,441.9522179186161,6306.466365057464,855.9381444305127
264,West Berkshire,1738.9178818877385,11970.879800000002,2216.6594984413914,5817.162370853886,38.38140024245955,4106.325773211398,-980.2504654517361,174.32929504796508,2647.8138075807265,583.1437263531466,12189.212119304542,1355.836675292224
265,West Oxfordshire,2004.559803548851,12145.174000000005,1106.4204609548199,4063.4232973513485,19.299871776704784,1637.824317018201,-422.70189802870294,129.81488999305145,1821.52469018269,721.1203294567183,3803.4376432607655,874.169040894985
266,Winchester,2064.9314830117596,11238.033599999999,2206.151628157887,4275.265564560942,27.59779220528548,1106.9252225599716,-639.6350259314078,155.21733711548185,2014.6957761847273,869.327246637916,7877.46448081516,483.38799364755425
267,Windsor and Maidenhead,347.1705522113434,3373.262400000001,2848.8238789010356,5559.996892762267,95.05284106056173,1310.4380364296433,-230.11028017345242,129.72955494822017,2491.32128161822,779.3697892024431,7088.641125386267,1156.739108972749
268,Woking,84.6457988076866,1081.2577999999999,1751.0757178209979,3421.9236442596475,150.03549689597622,1331.760886906261,-78.06476662723085,96.66155465996937,1693.5724355867183,284.38491046606754,2291.7770826072147,455.2644490328934
269,Wokingham,457.6562481081111,3042.4134999999987,2700.0964054373094,5645.417119263231,91.99146652722744,797.7062796688792,-179.11239172198427,103.79174858440176,2725.687900964142,410.253677798166,6286.643299513246,344.6381647115637
270,Worthing,50.07499390927628,574.3127,826.6009574007902,3364.5577053055836,238.85000066802132,1096.4603362914734,18.240188285247942,76.5866005572297,1809.9386698694711,491.0921001800166,1636.2691992946093,585.7979769008351
271,Bath and North East Somerset,1856.53365191803,5969.099499999999,1853.5225165109982,5896.208945690238,48.17052305360497,1322.1027493967842,-287.7700655399067,94.40453061155577,3073.1195236261874,1267.4051321601078,4584.367966177568,421.4317550986417
272,"Bournemouth, Christchurch and Poole",220.03782188330453,2956.847400000001,5098.655427473058,12066.236292521487,186.91595335425862,3956.535107592392,-0.14304151050849212,86.15160964380698,6494.266401362996,1671.0124811150406,7429.902556491954,2068.466336436867
273,"Bristol, City of",111.74354387327557,4002.221599999998,6874.998662837996,12295.101732052799,164.37218684580853,3243.911811584191,65.6510646465906,89.29296865430658,7471.735180737769,2717.623995705379,9445.83735142803,3942.4210516088388
274,Cheltenham,134.2668506003942,792.1336999999997,1403.2473958088945,3710.296462325647,219.51051395525087,982.797660987726,5.991043503830922,88.30307836210629,1981.3072086822551,1312.4117856549365,1704.290471591957,975.0321888368792
275,Cornwall,21415.88383123763,61405.01489999997,7644.402333669809,18098.027344336475,20.93017882609696,8279.44769951465,-3777.799593225493,140.1000732404027,9231.580879396875,1715.5214354980246,18092.877973481667,4132.694427025366
276,Cotswold,3567.122986653652,19796.9114,986.0514156288019,3573.7347750463696,12.488759059450192,1509.3498013764536,-1139.1462744375722,170.70424551429028,1457.0117273392586,354.1161768231026,5174.497550277159,517.7357213310248
277,Dorset,14019.99090930766,42858.274999999994,3979.0939986451417,12852.501097109205,20.000826300946805,4464.20358288571,-2827.584233538502,136.6884362218159,6291.489557992695,1143.9081882907783,13701.039357130945,3090.4302668285336
278,East Devon,6190.681724420606,13985.485200000006,1074.410056437268,4717.8771855346595,23.332534178511803,1237.749403229571,-843.3570364851996,139.7483598423253,2352.810434682166,344.57244609716395,5450.071393193192,1023.1013824004533
279,Exeter,154.1238796902995,814.1028000000002,2313.25814365013,3149.9894765556187,235.8322263748845,1505.4117172490478,14.478690617605162,95.39345211094074,2034.9063184169179,1173.4632717815816,1930.9262843944603,1051.9765255922753
280,Forest of Dean,2800.7099125521154,9544.350799999998,454.3603265437414,2924.966663603328,19.77305798131659,2636.268794851613,-1712.4177524993347,132.8305444573895,1426.3531777018275,233.74049770824362,3112.905637084582,650.7013179454411
281,Gloucester,73.06775432959272,694.0521999999999,1982.663510472718,3607.388795351112,275.5126626040373,1665.0783728737333,32.33557120949376,91.01943996442189,2125.1708202743994,652.6345839540761,2161.399908115867,1073.6767747633976
282,Isles of Scilly,12.062223931491515,388.4414999999999,44.05121083178454,69.86902504754778,8.032731005312337,11.57376455801236,-0.02877221162518115,81.633153806377,38.26693213778634,4.183951252125283,35.00069799791492,6.83178569863304
283,Mendip,6366.740232412416,12570.405200000003,1144.6157078612423,3697.8479300845347,28.733718378415727,3253.5277908332746,1189.669678251353,191.48583757122125,1894.6173437773384,334.1160873100781,4308.387695701001,951.8291669209594
284,Mid Devon,6900.569096023611,15519.262600000004,486.5466243749095,2549.868749548165,17.54886621249088,1939.7443894591263,-1148.362282088197,204.27655129146163,1338.9539542179493,177.690919121766,4471.552166691893,642.7116947459836
285,North Devon,6722.500645690312,18780.246799999997,1030.1965308709675,3112.462888726862,13.940817208780112,1806.7508791224614,-1766.1590180460541,162.92023491547428,1613.2379526439784,345.30482324671175,3258.8346276271486,890.813785972035
286,North Somerset,2106.389359345555,6641.967999999999,2131.6018012868103,6603.236549706811,63.616633169872756,3324.5824341085954,-80.36076321395447,120.69542321073345,3519.1380161460734,593.1722835523085,9356.855451431331,819.7959297845147
287,Plymouth,117.06210189882538,1434.2883,2597.986415604999,6915.551440759997,268.8285312353075,3834.1314385819724,3.6835630161639195,88.49315533753794,4383.416955583395,1435.0154096081023,5721.797403965463,2055.808524034245
288,Sedgemoor,4265.861805346204,10301.109199999995,1209.6654887794498,3743.661822783202,39.323235242710076,3442.230570504201,2497.3624434434396,203.55152169623682,2003.9962900746355,343.7360785302182,7210.333246382122,1114.9685637867487
289,Somerset West and Taunton,5976.399474051656,20579.23269999999,1835.436660945721,4750.145821415895,17.997488161546915,1566.754932802511,-1585.5171850682514,147.13114655613663,2533.4224356712975,791.4950358198076,7052.212204803109,1399.8081665218476
290,South Gloucestershire,2318.2670686473816,9119.1689,4099.902083986164,7994.686071688396,74.82642419998558,8008.7518020106645,-232.63934524872496,150.6060755330728,4585.686695407435,940.8883604501981,15400.96826568422,1607.6933670591063
291,South Hams,4803.7799674165035,15388.415299999999,1082.507540929397,3101.955227511632,16.83826285317788,2017.8279687514448,-744.9182509371543,180.13868268972396,1444.0782482129841,212.84371371815286,4155.758256817154,612.2562649260523
292,South Somerset,7426.197513282939,16303.986000000008,1957.8732636804157,5487.4137742692765,28.000623549589342,3560.51162392133,-67.17037564517442,163.70706689198784,2800.3983821366237,614.0218240412506,6500.995073703528,1374.3793229684943
293,Stroud,2646.1889047049863,8094.940999999997,828.2773410910598,4020.1528294496075,36.69948242042074,2822.012099893078,-778.6083889523601,152.25360931211708,1962.28045852377,292.403398041057,6858.546012133461,786.3304462181179
294,Swindon,786.7906980887252,3911.5861000000004,3711.810377400636,6336.224597597846,106.1617798894763,4107.918849665957,-8.271660386113298,115.72428550730763,3645.335864699142,819.2282000712905,7595.947936793967,1077.4652694109323
295,Teignbridge,2591.8862950879725,11561.417799999996,1005.4403585737384,4104.211859326785,24.632838497513024,2687.028368990954,-1514.0721991503053,131.4819737829773,2178.3357903579863,300.1035349774074,6638.1374187656,939.6489204673919
296,Tewkesbury,1943.2603062543699,7054.591999999998,888.7719310867986,2799.3941824592093,38.20323064813569,2835.4712670281647,-340.5765773465687,187.62423169950546,1453.4106631173709,250.78407125805157,6673.349438128176,802.9692225725563
297,Torbay,174.51773914876642,2030.9305,1529.2569463850193,4147.5671964521025,83.7318474827,573.1295075865908,4.738936427105555,74.66558296603709,2288.513214609776,736.9514360925446,2659.1370241736286,177.85197102622095
298,Torridge,8320.346111488008,16918.457800000004,434.8644020728778,2221.99944370759,12.480900033364232,844.4460536541519,-1853.9237969539156,190.3616011652092,1113.6310849884599,121.29229207063688,1807.0558890490977,524.953753175751
299,West Devon,5771.2185859652,19800.197500000002,391.07062324360794,1903.09473530805,10.112669323118139,1251.6678927252328,-1135.7012650476713,218.18692774982713,922.3394112556155,153.3003113679356,3089.335257686655,354.41679109984045
300,Wiltshire,12745.541161762301,55340.746000000014,5545.798104599271,16261.476650494733,21.50928582593429,9746.63993663069,-2800.504877738674,146.6355836591643,8193.532316524297,2381.8961879454087,22007.584991155356,4131.563347176197
301,Blaenau Gwent,157.7223185943457,1848.3743000000006,371.6740370413304,2546.054142789445,74.69475676149045,1874.507572366586,-20.9379862795191,117.71993585325883,1171.4709210630692,221.06786667800233,1570.1362340044807,1401.1798584929859
302,Bridgend,741.43639503029,4337.0518999999995,1114.836356387307,4787.649495519951,71.87665793188954,5204.315195621366,23.851543654367482,131.0273652272079,2391.5475115766985,530.0124755676932,5157.097980226533,778.0238432367023
303,Caerphilly,793.2563960051775,4715.594300000001,939.9907233497391,6114.432155705003,66.96978804964054,3883.088497970918,-250.30811725001567,104.84664347476418,3017.5294724658497,432.21010064470494,4350.653992685585,2313.285121423772
304,Cardiff,271.70048637350635,2540.5633,5917.945633508059,10693.532761103845,284.30144145488845,6239.600826100532,231.3517010585243,124.32090041430493,5868.4481488492975,2104.8214155016467,11770.91510182512,5257.532562610424
305,Carmarthenshire,14960.936306802529,41460.43979999999,1373.3278526318832,7467.375933371231,14.94861164934677,4985.1328783611025,-2571.321183664945,197.84504631101598,3140.3011854447113,587.9942730187489,7413.96681095609,2239.999680365733
306,Ceredigion,9142.858360571723,30702.513400000003,737.3577317850237,3272.7197726162594,9.27003060249702,1309.5043925394443,-840.9177290220658,225.8527970286181,1259.1472445875777,226.5626017524046,2639.57844972186,254.29164306916223
307,Conwy,4509.438885797455,19605.64100000001,1251.7168243620629,4319.156153994569,14.138007872530299,662.0250798963485,-628.0502107694444,141.94134223345478,1955.3313060346643,523.5737808392009,4507.184266152733,1159.9379729037107
308,Denbighshire,4235.042733654462,14388.461700000003,871.1271331582992,3631.9489665869773,16.94029838629046,1459.231960912944,-513.2413354276762,151.1080120675295,1614.7678815754552,667.6502727288217,3394.3133214142745,591.8583891902547
309,Flintshire,2750.9260729876637,8321.513599999998,1711.5969856663928,5558.049542788243,76.60902904817596,17847.138962329293,210.90958733376968,245.1401913509331,2605.633779849747,310.42472129755663,6675.296800470335,2435.8383334321243
310,Gwynedd,7557.161811849076,44590.27410000002,1369.6640144435164,4883.788133816186,8.205199723671159,1761.1620237145248,-1496.5617715538237,180.04226397224917,2031.2430859701508,650.4209671556548,4829.563650990847,1966.6896827452665
311,Isle of Anglesey,4059.4061890817843,12740.454500000002,803.5712746574346,2996.0090928533605,17.23040303410115,1699.613281504056,-145.97521714966788,185.79802820724046,1181.0525277255438,376.8998230655845,2332.315215129373,791.2877451302926
312,Merthyr Tydfil,237.45920939866915,1903.2672999999993,530.4501593542277,2113.4440259331323,57.260303012387304,1051.4724225212456,-100.31140745144482,109.96185435167837,994.5836120244835,266.62933459305407,1546.913416082097,764.6288578965633
313,Monmouthshire,4380.697773792026,15062.946900000006,1069.9420627763084,3501.6234514638454,19.38539926952831,1729.2116457808443,-22.66121078146365,188.29818839890987,1553.4287744059227,377.43317333123167,5798.343381687094,341.9532414915149
314,Neath Port Talbot,765.9605310237864,7681.881799999999,2317.143102416615,4958.35480626688,299.59613926682766,120805.58547789276,-930.8933687097308,964.6081363494644,2387.8332736762227,320.16946667532716,5223.4996444655935,1920.3056096222351
315,Newport,796.625049403921,3696.741799999999,2813.929818427153,4788.103969643595,131.37734061195215,7636.290594376543,237.12777328523322,194.6172097734768,2529.3775124947665,1420.7557470144175,7422.115035709454,3453.764165847982
316,Pembrokeshire,12618.999326443682,28070.315,2265.5745351053397,5080.155722770867,18.806927716862265,4341.633108101844,1315.7063785614364,255.06212134077404,2073.689068008125,231.43665138015524,3964.916701919671,1235.482587161389
317,Powys,20747.547416272522,88322.75369999996,1019.8314348795951,5676.641654683455,6.617741888662895,2364.805235834588,-3713.58449317896,258.3792581015106,2264.052878692492,372.12269655108867,6235.718298709495,1679.1052199273638
318,Rhondda Cynon Taf,940.5110066789016,7210.5534,1790.4757689453404,8247.990198855354,61.0484429410036,4075.6165974318787,-562.6804805941363,109.83155430599378,4013.0848655724294,1032.765936595959,7992.848119969584,2376.182135232381
319,Swansea,1150.087091603105,7154.0419999999995,2579.8940996514903,8217.764457574953,64.53842978028453,3447.6197528298007,143.0395527205844,114.84812764056413,4032.2406381788423,1605.0738078106758,6603.678929681439,3412.2915588459687
320,Torfaen,289.976709628695,2146.0817,658.1223132241814,3046.665445408371,79.67136761157118,2806.34986576102,-12.934521752339117,110.06200746994912,1555.4260803975656,382.3209825420969,2402.7016349305377,484.5189846789429
321,Vale of Glamorgan,1563.4951142121429,5776.406199999999,1064.0590369706858,4435.609675237413,73.23321749490908,11709.8618484759,843.57618089897,195.61253789353722,2169.2244053038876,772.2508610892464,4003.00409672047,491.9556324858347
322,Wrexham,3921.8124902018812,8564.1563,1540.7544937524071,4583.485018738991,51.93989991175747,8656.885447575612,559.4380090644391,195.0629378309387,2288.327566364847,525.6184475204842,4087.099570607151,2290.8724666947537
323,Birmingham,232.2345934975679,4552.450400000001,12852.635286284747,31681.46201010655,359.214273171289,16013.982910166913,182.95590978843003,88.78163410050394,18590.768485787317,6913.8328931779215,24501.20688462874,3816.1107820164293
324,Bromsgrove,942.0388945053236,3688.4628000000016,801.2688315323554,3457.2853324117805,67.25602338020236,712.0561695934261,-248.56948474665617,153.8951915919193,1618.0259670588246,356.13243764313654,7825.261959994937,746.9576422307955
325,Cannock Chase,113.86061230765071,1341.0024999999994,1071.9781444217178,3224.318888888914,105.52290804488746,1381.0939862591176,-250.73224207279864,85.36565909482093,1662.68005143937,206.9462999005319,2029.322591386245,547.1225127594562
326,Coventry,157.3467554960634,1676.8629999999994,3927.635477441332,9506.371323060408,303.2600538061433,5222.952201516748,50.674463795084364,94.09967662191423,5458.103551071207,2280.6847708541345,7399.844573562211,1367.7588816581858
327,Dudley,79.60153979193814,1665.2928,2571.047916566788,10040.025758415662,268.3976984032096,4000.8215706468636,62.95200560204503,83.53611885782969,5369.738153814617,1208.6080987676064,7131.934507143459,1196.8177023265966
328,East Staffordshire,3138.978602321746,6629.784099999998,2369.9598723848367,3790.4551484864414,47.51466419860659,3776.954457755324,-391.0205576393368,160.81503278315208,1975.1172634175211,496.76605064870193,4669.833948417388,678.188078846146
329,"Herefordshire, County of",10584.462434282364,37055.0598,1690.73677414991,6594.869230205887,13.932655184547455,5189.683076396095,-2649.4038286725754,165.69509285432295,3122.2765261122836,594.1973542483016,7252.194516994675,1112.3999151121625
330,Lichfield,1436.4468851616964,5632.004799999998,1141.8704384273403,3635.4419969018004,46.225527008261565,1470.058646120222,386.51633042623615,151.23276848534223,1727.1404041854357,434.0957465781962,6164.601920452854,645.2262708174637
331,Malvern Hills,2488.2763119413557,9810.207,528.6397746163688,2861.2911913118833,20.871491833165255,924.3146145621223,-662.8299898451993,158.72503952577023,1294.9790449674776,235.48897785049002,5041.119766792493,628.0320164269889
332,Newcastle-under-Lyme,1766.1829485166363,3586.2758000000013,1183.790339546551,4160.337225771747,79.7599872636624,2130.7085272303775,-165.90683622870273,135.16375548475398,2118.3005907589245,457.8312394020151,6592.30396028035,700.7121326563642
333,North Warwickshire,937.0369776318037,4832.442100000001,1477.7717866046385,2214.5762628044818,64.1838074224839,3232.920763556477,-178.95138589098894,290.3959655793397,1070.2391603974224,144.25620274513403,9917.777776690273,499.5841527231015
334,Nuneaton and Bedworth,249.41047573195283,1342.1567999999995,1021.1858810006472,3979.1972056284553,146.9836291328825,1407.9172870104928,11.435367987863993,91.45940743423864,2170.2082657258898,449.0190130204267,3445.976867586844,1040.2742155260453
335,Redditch,192.32602166384714,922.2653,768.6101598657684,2565.5101272464094,152.54325199547318,2000.192977215174,-33.64608961369629,98.31608424816356,1438.5940871516664,260.6463692753164,1626.380950429993,895.5881935984045
336,Rugby,1524.9185407968378,6010.474100000002,1696.243917673837,3433.355171911841,104.91195878342714,21176.497367816683,-54.44894668027986,363.23074396838746,1753.3694455283699,558.6621522249088,7677.678690033663,1079.4819914022974
337,Sandwell,26.884298065100886,1454.5013,3906.332361064921,9137.521204856223,363.4842493340879,6996.196887890867,68.43792790893063,99.27380940411936,5392.87075048576,981.3512599903792,8884.94920018769,1097.6394003861915
338,Shropshire,19686.740480703356,54353.688600000016,3375.9697440350815,10893.000842682522,17.26773084878187,5824.446213581317,-1264.540738864952,179.28310326469267,5257.5168850606615,1515.2388673752146,12679.001454520367,2499.8410996908356
339,Solihull,524.3538692504721,3030.7956999999988,4356.745688964013,7352.614920035776,146.50593925813098,2768.7746688553916,-54.127776670097404,125.03920514026996,3563.259134821688,713.4110839191592,9870.15314163576,587.4609174215649
340,South Staffordshire,1721.5618008952122,6924.479099999999,739.6544375129535,3751.5180231717563,44.0437551640125,2289.1112115730293,-287.9942217330739,165.58572967913398,1843.5660942649884,412.8328916146079,8569.216385855605,744.1031251523578
341,Stafford,5010.253387446165,10168.925699999998,1585.8479504144268,4613.544669608713,40.80773782531244,1990.1090810037635,-454.86295769990573,186.5037271130596,2232.49920506924,878.5529396292894,10012.437633106048,774.1675277080789
342,Staffordshire Moorlands,4557.505236376794,9789.446600000001,791.038317304913,3585.8157804165894,45.70857142268612,13786.299309349279,-699.3314128517975,271.6005595190533,1648.149966582661,218.951770917915,3558.215092183342,522.7776183424837
343,Stoke-on-Trent,263.52935346311773,1588.6244999999997,2675.0941865918717,7830.751087976933,285.52105923578125,7696.812077486861,10.684768367383409,106.59392462541774,4278.616153880137,1062.3793415101509,6262.888027665771,879.3758609328163
344,Stratford-on-Avon,3413.3664281760703,16623.779799999997,1973.5012432602632,4772.410383071151,23.70362435668102,2605.36773846206,-399.0999497680384,188.62481922305568,2101.998042767012,387.76543265730606,9156.826836901148,1268.9108147330962
345,Tamworth,60.84907352570168,524.4619000000002,823.193275220928,2338.0018974243712,207.8206358469745,1229.5209678521637,17.521015206150107,83.45807166490034,1309.704829431376,131.8430799794102,1392.4274956474794,418.05528546805164
346,Telford and Wrekin,1370.5885661321172,4935.3329,2107.3324742319155,5097.790518280732,78.84537362494578,5985.007499811598,448.2037220928993,134.5537878288526,2919.4161423618793,1102.2945636064562,5329.398891716796,1449.2759090679074
347,Walsall,134.14483056542562,1767.5478000000005,2290.4152239142477,8384.801435378984,234.94551102568872,4407.284501586695,96.01028486024603,90.18724353424872,4638.41284476636,1013.2621260406664,6844.002203849773,1258.162989882314
348,Warwick,762.0900169450763,4808.9974,2429.173388252955,4695.66872159474,69.33780595187723,1692.499244007559,-95.8005730794961,140.26176945828738,2389.5226303025943,627.3437324703308,8380.903063134101,1122.5534975148564
349,Wolverhampton,51.41395947930857,1180.4205000000002,2694.0378576479998,7829.270093020813,317.85640307917816,4045.92905621696,69.7507673303228,87.77681446060559,4301.693048856311,1290.3304938804536,5123.939152708864,966.1647521226292
350,Worcester,73.97108647992947,565.7293999999997,1086.8616759240479,2946.802249968665,262.4268071565358,1275.795080161751,28.479019633681695,87.82557644087386,1704.6270187281996,677.2406824918737,1861.7407480629643,782.201231193718
351,Wychavon,2498.6144924422097,11280.210599999995,1577.8941270641612,4259.0530479948175,33.34908907828334,3555.4198360515747,-270.54141508221375,183.3635688339797,2066.269961444716,538.6072914240061,8948.741465873207,1020.725749596708
352,Wyre Forest,596.8038134953996,3321.8646000000003,975.9979001601616,3301.9857768074176,50.78397382745591,1637.469684905454,-390.7853196593857,99.93881923031059,1693.5460887248767,376.49381201604257,2655.0331813054922,770.3826159548471
353,Barnsley,1425.3832944688327,5594.319199999999,2113.2197216013506,7691.893710705008,84.05176588906478,6749.468030898695,-317.079765257828,118.25510724982539,3999.4000010635245,762.65494976949,7876.27712660959,1357.7363257401648
354,Bradford,1413.0933474643693,6229.136599999999,4944.917784111514,16937.317757863366,130.98633200828067,9300.814480584511,-79.29690177189222,91.5919685004406,8989.732473634915,2519.1610848948562,10342.155053858056,2617.822970203032
355,Calderdale,930.2401194282182,6187.333599999998,1941.411751113848,7433.744370561388,67.0694062102046,4538.741897613831,-54.844241076047254,119.45964723804136,3486.2648081088455,891.3452062607645,6795.366207770806,1934.6294281182245
356,Craven,5134.707461575468,20039.724100000003,629.6332924673732,2360.534914871913,10.723444198084552,1081.4284805911195,251.6209773093531,225.8796848448016,952.7169279472286,171.31165154077001,2703.34375734257,308.2937661461455
357,Doncaster,1599.0065606773999,9665.372099999999,3247.072278277397,9748.732952224665,76.02734917839685,6874.407480906668,2117.27725891304,143.28931136434113,5140.020291696147,1421.2004086795587,15131.981570518958,3085.7697007337747
358,East Riding of Yorkshire,10249.220183508807,42416.64900000001,3442.598367200613,13087.269258168908,26.380315017581683,17936.954063696678,2754.4625372603946,196.14049019063594,5715.0721727198,1197.5048584288957,14056.81128221257,3096.6243089461223
359,Hambleton,7773.85923255886,22290.8794,1026.1418962648063,3825.058758086741,17.37542023520851,1995.9665737123155,-109.91931626757956,255.66174481633607,1516.8614225327722,481.93900216093215,7209.265719061964,580.8291336779946
360,Harrogate,6752.88565676314,22255.174299999995,2275.2829441224562,6503.79394269734,21.879306734706674,2154.3481097824856,-436.1914512996673,180.48240255862552,2705.3649745884272,1438.3281994593012,9061.410460005663,892.9530175316825
361,"Kingston upon Hull, City of",83.25691918529832,1385.4557999999997,3249.4223516034913,7791.14129043969,326.0356762706454,6539.314359996062,98.9077513279332,102.59673817996241,4419.321988017407,1327.6656057090433,5633.851504719526,1847.500140318248
362,Kirklees,1656.5835362411315,6945.377199999998,4483.771112892722,14170.944099942715,102.6142210637413,7733.715087961648,-273.2383770505834,99.08710091334643,7233.769404404749,1297.354497311994,11469.419166903717,1384.655074141869
363,Leeds,1460.2995756554915,9379.0156,11120.978751583485,25144.994189294826,157.91284832649995,12529.287978479108,-366.2357011805443,114.06551553008363,13069.20214824731,4387.540996263428,27444.434178075662,5400.2922609271645
364,North East Lincolnshire,318.5043460867686,3445.264200000001,2693.9970400449674,5450.406594642905,137.23586954613418,13571.122837409075,73.91553741534716,175.0079504734848,2701.598164252049,661.3083854002784,4203.97653328543,839.3468611956048
365,North Lincolnshire,2923.7200898089854,14886.636499999997,1951.0610448736973,5921.452694313626,175.98045702199016,129639.01619094651,1612.0854065057697,923.9959795482855,2845.8732861843946,363.93773513938686,8039.997792490087,3652.087562994889
366,Richmondshire,4565.814868626057,22418.025799999996,858.8685091889928,2087.8084027493805,9.491698013566213,500.40058152464496,396.45312483117647,241.32430578893718,881.9131938421228,220.67385469077388,3612.91767568903,273.8353917550126
367,Rotherham,643.6408251313818,4871.083100000003,2860.3423827638494,8354.413110660134,116.4056232341823,8379.468039534888,-155.56212347933817,128.36923842957947,4433.41420323733,1073.4154071937428,10116.871737782281,2081.614389883221
368,Ryedale,5692.519784795259,25612.092900000003,509.68521502154056,2304.8677601134427,8.389006992108502,1909.8961990415992,-1885.6055508288214,238.7208945860064,902.4269366534119,538.0402930650826,3233.699693479342,335.7216888791739
369,Scarborough,3139.3857728093985,14033.586700000003,1254.0151228508175,4359.507360915784,17.586031849270864,2566.630258021862,-664.8287546604972,133.27055214255063,1852.3363686641878,422.9191848343372,2800.010549489888,639.7194860739385
370,Selby,2159.3588977816585,10237.794400000002,912.5794287040643,3195.613204385896,32.76369447051104,6856.0042952961685,-25.943271975946622,232.7167585412185,1452.8333057036007,195.65314520496335,5893.710360945714,544.0808675109496
371,Sheffield,764.2413146711602,6254.813399999997,7975.425652876906,17158.808470054224,148.4184944697345,10930.638872555157,-215.40643070860756,99.84560085292267,9340.579915532622,2769.72707620019,11406.477142963657,3817.734255335637
372,Wakefield,855.5686103091526,5756.536600000001,4413.7150400830515,10734.765687054474,127.06545492310758,9633.743065724617,-95.99390129907863,129.55667599007165,5680.795886975561,1552.2739407718238,13195.590319118885,2737.2161712087914
373,York,1011.5584552287576,4624.2516,2912.510526749557,6569.719859891024,72.6654967471033,2258.6312109297246,23.312243781715782,100.54691838892938,3359.064809898559,975.6173627506372,5287.5807782726,727.160126959943
