Local Authority,Calendar Year,Agriculture Total,Area (km2),Commercial Total,Domestic Total,Emissions per km2 (kt CO2e),Industry Total,LULUCF Net Emissions,Per Capita Emissions (tCO2e),"Population ('000s, mid-year estimate)",Public Sector Total,Transport Total,Waste Management Total
Barnsley,2005,91.69190306887417,329.0776,186.66937588464913,572.8661272245811,6.2708625599668215,498.1352524810914,-14.486085841042762,9.269692482924732,222.618,60.72070813550236,509.54045347054756,158.46266673953477
Barnsley,2006,88.39924769357373,329.0776,224.81654463605477,564.6309932345621,6.379425602215722,523.3842643676089,-15.173010078203207,9.35449345445664,224.419,64.81483270268207,499.07278084358217,149.38041315584334
Barnsley,2007,86.93813479758941,329.0776,165.97465761898556,543.1996728131991,5.780477680337685,424.388380254798,-16.002509962133182,8.417337666431077,225.989,53.041011253305385,504.1278831285422,140.55849199480627
Barnsley,2008,89.55795442232964,329.0776,177.80625837228982,538.1560536003745,5.751566608265465,428.18477313695496,-17.234743544273996,8.310333674438823,227.754,53.36491113488976,481.70667873623654,141.16984982933852
Barnsley,2009,85.0264769306145,329.0776,151.8302358559363,492.8333253952209,5.112667617310294,358.27300985131745,-17.874168681570627,7.347872408983547,228.973,44.33227728117046,460.1383829974341,107.90484947206815
Barnsley,2010,84.62375364571265,329.0776,146.87810276461926,532.2612159295597,5.390065210693333,412.2421433934688,-17.959948926230915,7.709742958014033,230.066,47.642751886404064,465.6981836142621,102.36352107066068
Barnsley,2011,83.686559452331,329.0776,133.79704781666518,466.79750251814136,4.9502557306505395,367.3843697408609,-18.619231794337672,7.025718738182675,231.865,42.5450052229188,453.73112438345237,99.69589788869392
Barnsley,2012,84.41090750099814,329.0776,161.31255683295507,496.7826042189908,5.157586518700531,403.35501922620506,-18.30539313741504,7.269293999922791,233.48157240364097,48.834507115048346,441.8405443074603,79.01544730208272
Barnsley,2013,80.63158040424027,329.0776,157.13017263337986,486.5830025093928,5.088891449441637,434.21427558636765,-19.492751507441806,7.1187123270065245,235.24481787101166,50.42054210112252,441.12904758547995,44.0243155302345
Barnsley,2014,84.65919513942657,329.0776,132.40184413384182,416.70565004696334,4.641804216382668,393.09327054451603,-19.688861710811747,6.4428400432416835,237.0870269857775,42.619811442665714,444.3055416611227,33.41733993936455
Barnsley,2015,81.24421034903011,329.0776,117.59548255854517,406.08851135263455,4.558059570464788,374.7344885681746,-20.770875454240308,6.278165457571793,238.91617929510915,39.901756308177504,458.6879158639212,42.47381455934033
Barnsley,2016,79.82218732770295,329.0776,105.13609870382774,385.65297866088844,4.426836225328885,360.99469882879936,-19.60602789889846,6.038907129935602,241.23117134934702,34.33440884003896,466.19643440584997,44.24186175607908
Barnsley,2017,81.28530094095186,329.0776,79.86081073012406,369.5488750051695,4.278574603711782,343.50700090133955,-20.355951392824743,5.807150120406461,242.45680459727382,34.84025734024181,472.5048555602109,46.79191292521119
Barnsley,2018,84.77826408761446,329.0776,44.214992648152524,362.92185614174065,4.304925804557822,373.95125603536485,-20.016636345077625,5.811348345408475,243.77383143126346,39.605952100811805,479.92382727594014,51.27513999741046
Barnsley,2019,81.4474469896042,329.0776,42.77468358566652,358.2795895480726,4.211848585026964,356.0691283832814,-20.31776560841089,5.657614424466853,244.98400207869972,35.40161599306064,481.22403071315756,51.14629431963736
Barnsley,2020,77.205963408503,329.0776,36.78997239505985,345.0961318234632,3.746244108598522,326.97567249364545,-20.63103282405197,5.018591857224476,245.6475950514019,33.595276941535055,400.3971476928505,33.37588834073615
Barnsley,2021,79.97420830973577,329.0776,48.23088443059798,353.4896206820537,4.001673797411323,370.58102710490255,-20.544770550863,5.3772921612091995,244.893,36.63932396991486,416.05229436953886,32.438620919123295
Bradford,2005,94.34367792788252,366.4198,428.271654903761,1255.5006033003303,9.955182136246309,715.4593734795377,0.7329048682243878,7.423820464641975,491.361,195.45906602256622,666.7108197452914,291.29774707935184
Bradford,2006,90.18921851111689,366.4198,430.14729712053975,1248.5261406609682,9.759196899722415,690.1814014969962,-0.5388149860310025,7.21457734195132,495.658,184.1887622183259,656.6786862715506,276.5902848634409
Bradford,2007,88.45871693285991,366.4198,418.57969765052496,1202.5597922711113,9.780498126445277,700.6764885589799,-1.2001482370532766,7.148136292886014,501.357,185.80831736174417,658.5151352892453,330.37016756504005
Bradford,2008,86.7731439610251,366.4198,411.11963897231396,1201.6971175324452,9.337887738108547,625.9784141080949,-2.091879961513932,6.744395498371229,507.323,170.86370305803473,636.1964484985144,291.0503712512707
Bradford,2009,84.58940138561574,366.4198,357.5449626668437,1096.3473563549444,8.557497586775472,563.4587463640408,-2.964210167521906,6.1196048225709045,512.392,153.07239806329525,614.8401131489186,268.7477864306142
Bradford,2010,83.12542946769362,366.4198,381.09849787554055,1172.2042757953645,8.84669970244125,613.7227050082693,-3.380145647451154,6.257902354872342,518.002,167.02398990508388,606.195398091284,221.61578513279866
Bradford,2011,81.92961171182257,366.4198,352.81949198470164,1038.4938968746997,7.964633846734642,552.1078096647996,-4.344705164021767,5.578887130351334,523.115,149.230935184291,601.6998422677783,146.46265866966664
Bradford,2012,82.76748919657018,366.4198,369.6156682604934,1107.4517088207092,8.254768919650079,583.5196459052653,-4.499777399000617,5.745568106349983,526.4424197219937,162.32458864093704,594.2349682144261,129.29648494499781
Bradford,2013,82.0702664939706,366.4198,354.86812891965775,1073.4045712972109,7.97177197635401,583.8767863928407,-5.750056411344833,5.5125476123045845,529.8847826186986,159.47870006947662,588.8632485688904,84.20344789053811
Bradford,2014,82.18422783511869,366.4198,288.6019787368715,910.3961677840339,7.081143369533105,508.338241967133,-5.780515731768687,4.8629943236670705,533.554218767639,131.05240224664834,603.2875197065515,76.59111469105866
Bradford,2015,82.16422860847177,366.4198,258.2869356176407,891.3699028927921,6.933021243411863,496.8381857154241,-6.599645862208878,4.7195434055400955,538.2716163653988,126.12381832873588,616.1431570378239,76.0696750680462
Bradford,2016,79.25678278956526,366.4198,254.86284250064395,842.6003532151994,6.588908156823928,441.2665112927076,-6.194097880378417,4.417625993603563,546.5167066061165,106.02428506389336,622.4552970157307,74.03443504443175
Bradford,2017,80.45326712391187,366.4198,186.50734413412198,804.869384303826,6.3878661250025415,459.89095405604985,-7.035442195977975,4.251327743539823,550.5669685210617,112.12980473076807,627.2275577167028,76.59775808080568
Bradford,2018,79.24030536499917,366.4198,119.58303518828771,787.9600301011968,6.268165229183644,508.964891442354,-6.819087465129607,4.14712600367487,553.8244672597824,117.25615909845942,619.8845400100811,70.70997590417655
Bradford,2019,78.44246427364627,366.4198,112.93129652709462,778.3865571595413,5.992757255099323,438.0789715129968,-7.400131623719142,3.943083822518285,556.8902447170485,123.36505406652121,611.702781959274,60.35792098668773
Bradford,2020,77.49318238817045,366.4198,99.13520470764387,746.5044895761621,5.43073608710104,369.7589521717744,-7.428022892750629,3.568758540334928,557.5970490571747,121.24523380283628,514.3368817448215,68.88330938968764
Bradford,2021,79.61193349192882,366.4198,120.9441083448341,779.0454099228331,5.8755976096472535,448.69640144724593,-8.00312501424479,3.9360690432622722,546.976,154.51386703323914,503.1826585711707,74.9440472104186
Calderdale,2005,64.16274223779277,363.9608,167.1960834223879,550.8580965007388,4.6207287547468665,330.53660802259174,3.6882687992586423,8.568625537069718,196.27,71.9123327631654,436.3614293482647,57.04857306647314
Calderdale,2006,61.825662604432594,363.9608,174.35356413172744,548.0899202830708,4.633495642746042,330.4477907416326,2.7281503952546413,8.527519485289636,197.761,71.1645614520142,425.5415209127154,72.25961040951547
Calderdale,2007,59.91346434516915,363.9608,168.56622143594458,529.0847041477226,4.765783509533178,318.82127988863624,1.7640261745062438,8.704345144932898,199.275,68.44926662670477,435.0996227892333,152.85979334858604
Calderdale,2008,57.777617787630184,363.9608,168.80530449535493,526.0528623639382,4.776369581561506,321.95144180996124,0.6590059523946675,8.650533907249159,200.96,68.10383597730976,416.42534099996124,178.6358846142407
Calderdale,2009,55.67401279313913,363.9608,143.8119504636574,483.4040689390518,4.335324076578967,292.83171353441276,-0.24337702514806497,7.808311736908235,202.078,58.23000661144389,403.7394834765037,140.44016037788134
Calderdale,2010,53.54609120280928,363.9608,153.14734400233226,519.3705784951048,4.566106510307308,311.5953312018089,0.5637638064521386,8.184643994191825,203.049,63.572726546863066,400.74000954263084,159.34793357865425
Calderdale,2011,52.263436559863464,363.9608,144.65072428012758,459.7646062500365,4.233718046115077,287.3937759976907,-0.8412255835670157,7.547178366255965,204.17,58.627439925798406,399.6359561956227,139.4126934129083
Calderdale,2012,52.42510533648028,363.9608,147.97690040267244,489.84356368393253,4.252716248056308,302.0903488211857,-1.4520534581564315,7.556295666597483,204.83872999539992,61.27431406407721,386.16116272905106,109.50266623632936
Calderdale,2013,52.45567123112953,363.9608,140.472130897264,473.08797996554154,4.152724487444847,297.982632986287,-1.4726643684791332,7.352611896720704,205.56353957756428,58.638748448967014,385.33350910111596,104.93091836819121
Calderdale,2014,52.684408544662446,363.9608,119.52113014786467,400.9325490555503,3.8421498752829573,268.63936020702397,-2.950066272133634,6.7694348055677,206.57440133373336,49.42142746738682,401.21489625383487,108.92823692369544
Calderdale,2015,52.340604794660734,363.9608,107.07129851794761,391.38124122517587,3.69389869995828,243.48931186350222,-4.169759948272112,6.475257761529344,207.62637959268568,45.71076942689167,405.2667198238146,103.344140252055
Calderdale,2016,53.55160388316926,363.9608,95.06042342557534,369.4374464957569,3.5431770572403383,219.9445896421321,-4.789019750936865,6.1444885087495065,209.87549320965158,38.90912314497407,411.8891400410125,105.57424941315597
Calderdale,2017,56.09271988332088,363.9608,72.7364449266879,352.1577232123656,3.4008242257205885,210.56826563186104,-6.001426569588542,5.8834383254689895,210.38152137916384,40.0326622737307,407.92140771215674,104.25890878211216
Calderdale,2018,53.26765685253413,363.9608,42.66695605540594,342.8105395912765,3.3328493839992803,223.2211043864247,-8.08737217020399,5.768497405154127,210.2846621714784,43.33403302028416,401.5731022501986,114.24050809396525
Calderdale,2019,51.062037002124455,363.9608,35.0654181717118,338.1587100160303,3.167023088387689,207.88053335064876,-9.934908058509881,5.470213226270346,210.7179755502802,32.107087505117796,402.89635043963517,95.43702844129571
Calderdale,2020,49.87833622542273,363.9608,27.46277195643616,324.84164584788977,2.79800455083175,182.11234925311513,-12.141470199962521,4.848864942764202,210.02110529888748,27.19261414950902,331.14478256325106,87.87294492870285
Calderdale,2021,51.31894814387714,363.9608,32.847084380749926,334.4681344882055,2.9545124716936133,189.23546027491545,-12.16411279895539,5.199386527321534,206.818,34.66425685652645,344.4217735918034,100.53517787046212
Craven,2005,312.42547404676867,1178.8073,56.08074884976204,170.82196194296063,0.7338302037093166,84.85981790236951,23.11895556253072,15.760173464018173,54.888,14.356102173569708,169.48680662764588,33.89453398742216
Craven,2006,295.4938336718294,1178.8073,52.857664519913016,172.03630671156526,0.7109787090883477,79.71992138133335,21.709326878878176,15.214517162580703,55.086,12.529897656511057,171.71600446588226,32.04393713200802
Craven,2007,302.8526834081629,1178.8073,51.7286246456813,165.34996942234372,0.7023549532280016,78.75703940488083,20.13684868286883,14.946134959045523,55.395,12.656110709479949,172.3392181467489,24.120651636160215
Craven,2008,303.07552915533495,1178.8073,52.09127884080739,166.27165156519527,0.6838831639721351,71.43331415072963,18.23138210310942,14.503048717976647,55.586,11.650496381438337,165.89613082034788,17.516683020486948
Craven,2009,295.57525242633176,1178.8073,45.43694779407147,153.50824852008813,0.6481431067375744,63.17851816574198,16.958634161389934,13.809706569550155,55.326,10.47839992681902,160.0635320755091,18.836292596980545
Craven,2010,301.11142166518323,1178.8073,48.36174208370205,165.6983767475403,0.6743428391270558,73.23920936006829,16.354484786317347,14.34925920548935,55.398,11.270581137057274,159.09214450083883,19.792301184991615
Craven,2011,299.0693153318465,1178.8073,44.852372918976904,146.5757835843271,0.6408226499902498,64.93912968008956,14.386515418819823,13.620988799182303,55.459,10.409618850957171,154.1688221967483,21.004859832086275
Craven,2012,301.5739461031453,1178.8073,45.81466710749005,155.13426351130363,0.6449585999303424,59.54374787717516,15.90164948086055,13.685779361999696,55.55269347003257,10.793610838396203,152.67410958529825,18.845911291998057
Craven,2013,295.17494764203616,1178.8073,46.30422283969215,150.10640904439214,0.6326193256612954,58.702166610079345,13.813121770118602,13.419432054235488,55.571374123485384,11.192232448352117,154.0608419663396,16.382336889602094
Craven,2014,304.32032960565255,1178.8073,40.85670568121308,129.3142399716042,0.6140416533792251,58.46615104571818,13.332688761823196,12.981632918872066,55.75853115174914,9.926020787179757,155.39238963916992,12.228258015139378
Craven,2015,309.74738712530785,1178.8073,37.46425986450881,125.82026444450707,0.6146126344872966,53.68665532833028,12.31289520848634,12.947426105144261,55.95782932624696,8.767260366949433,159.3791091905669,17.332028677200416
Craven,2016,309.42613390512605,1178.8073,32.90237668354135,118.19954583425596,0.603078946843481,49.97487170789633,13.34043588854728,12.486329860041792,56.93537436412303,7.672980731958182,163.43417107938689,15.963349184695275
Craven,2017,314.15272391106885,1178.8073,27.365232295228363,112.30034582713685,0.5947174530722416,48.67182873824289,11.348685377569707,12.29242632511998,57.03164343448877,8.19340301788573,163.3517060825074,15.673349869326103
Craven,2018,307.0491114278943,1178.8073,16.929919160365113,110.78654651474197,0.5795721160235683,49.89390043569817,11.287120636694299,11.964671907701295,57.10176146203155,10.012135262659573,165.67496561065047,11.570142196324799
Craven,2019,296.4301726836116,1178.8073,11.654537557635074,107.77944873700817,0.5644627018979077,58.50417420418184,10.801213215057231,11.622669624321079,57.24956271514475,7.1242592031178305,161.76327814996435,11.335669824401347
Craven,2020,290.41539304260124,1178.8073,8.77405234767192,103.80274791416699,0.5290999725290436,60.4774090443397,9.663899002744852,10.879211446369238,57.33015789992649,6.257536725799751,133.29246402976864,11.02340793994285
Craven,2021,296.81380642356766,1178.8073,10.157939277113053,107.02880457877527,0.5519251684074676,67.3806255542447,8.92312037353679,11.39627636315383,57.09,8.021005322638938,141.55806317519622,10.730052867379428
Doncaster,2005,97.91880803608151,568.5513,288.8267446557977,739.7778532561858,5.500785340902477,527.1969136812226,195.14016696924918,10.704164835307202,292.174,115.0780938488597,933.7852614542591,229.7548146893906
Doncaster,2006,95.8263405869871,568.5513,292.2391453583179,733.2985974739656,5.411433907631497,513.5219662226973,188.63845463292589,10.4652463792917,293.99,113.13978574066647,923.5344608490965,216.47903218331007
Doncaster,2007,92.28936274223886,568.5513,272.3407948037828,698.5314962201347,5.179530071248737,482.89549294996914,164.29516152306064,9.94152408013626,296.215,105.08948998919338,926.0463933078654,203.34036386131615
Doncaster,2008,96.85606844576463,568.5513,280.8432789257796,687.7962187795313,5.067728365025183,468.4244164292508,144.40464529972488,9.656097262563986,298.388,105.44063949710086,891.6552360975608,205.84304650722996
Doncaster,2009,93.7326391270187,568.5513,240.28509007434732,628.1509209555376,4.672673332031138,419.4976552501102,140.7209690947814,8.8500869380168,300.184,91.67679132197394,857.0105248656463,185.57990671222055
Doncaster,2010,95.5143377359689,568.5513,236.99942944235806,676.6121915757262,4.790857165507385,455.66922783493914,136.120424148825,9.04034885467107,301.299,95.32176317664312,854.4302994199909,173.18039622908677
Doncaster,2011,96.65713265747051,568.5513,214.84231421455812,590.7783413856472,4.469108189259031,406.72181607052653,132.02233754309654,8.40061517530406,302.468,85.68756434396525,844.5864926390265,169.62127198957694
Doncaster,2012,95.65812511949675,568.5513,242.1466202317568,630.3782335031884,4.605689906406684,428.25796248381135,131.9856238988333,8.659964247521032,302.3766506234689,93.79180175208988,855.2046527890931,141.14796390612975
Doncaster,2013,93.21243491704702,568.5513,225.86691749429815,613.177738763879,4.57720573809556,406.8932892286398,152.72960166159854,8.60163176690379,302.54448728841965,89.00393721492901,857.1148388925744,164.3775145887244
Doncaster,2014,97.45277001070929,568.5513,197.00880638604943,522.2207689854702,4.216930324702816,360.5000800994283,117.96756684882962,7.92130223054109,302.6700848347048,77.63195202783159,880.5040560100127,144.2552177508781
Doncaster,2015,94.03965476261683,568.5513,169.61894901336925,506.7727467086282,4.102488697658113,346.2719304412248,114.74389144094052,7.6889495531003424,303.3542184378521,71.22138356126388,908.8442273051427,120.96249905564068
Doncaster,2016,92.08990251945968,568.5513,150.52139993119684,483.90798877030227,4.264270039048903,314.98765402563924,113.82632265663301,7.950122277060103,304.9583628729859,62.319240449091815,937.9472465876851,268.8565193122955
Doncaster,2017,93.78966562552397,568.5513,117.46313016740666,460.3607710783388,4.37639324054656,321.98769561032253,109.54961737826488,8.129642953282477,306.06560220695866,65.01617183341521,943.3308225660573,376.7061919646295
Doncaster,2018,92.33521225872727,568.5513,96.39976191873595,454.5609678685737,3.925891001891811,348.86586963332536,72.35622145020662,7.268037050511092,307.107739995207,65.51359456614298,944.1462121062118,157.89259298196836
Doncaster,2019,94.80151724729248,568.5513,77.38382313793491,446.8483519723139,3.801477506883019,355.0073813462727,71.2016058064819,7.009788026612289,308.33100376982946,61.20643172880379,930.2512042009951,124.6346630190039
Doncaster,2020,85.0817338243082,568.5513,62.07777421359651,431.5189274451232,3.406659511922396,332.95112487939366,66.704281272535,6.264323137998856,309.18914166672056,56.868453619234735,797.9995149346732,103.65888397197887
Doncaster,2021,91.75085506068822,568.5513,82.20829830811103,444.04083748211923,3.6582268396355517,384.75700471989484,64.87036728705337,6.737466595518973,308.705,67.193314008353,845.5901264930689,99.47882201039495
East Riding of Yorkshire,2005,619.152897696326,2495.097,257.1187736501308,959.0873076702101,1.86347972631156,1455.2381573065907,172.39878368798125,14.207202276668648,327.268,88.82049273536734,869.8881209826313,227.85814095155516
East Riding of Yorkshire,2006,611.0053318885809,2495.097,284.6351222316576,955.4122317026065,1.784852741075202,1253.6207205244953,174.68570585887036,13.553125107501252,328.587,89.53224227487716,867.1786360645817,217.31072915284335
East Riding of Yorkshire,2007,591.7370078601994,2495.097,302.45300585974474,918.7409262460274,1.7386569770367908,1194.5712989197648,165.63553163582756,13.111443662622415,330.865,91.45832927683242,866.6333700586895,206.88833757647956
East Riding of Yorkshire,2008,599.6951579483484,2495.097,291.3991046544287,919.6270273469702,1.6829231410229544,1136.825887479688,156.54092190816283,12.630108764849581,332.464,89.5183923233448,851.9007001300013,153.54928860600654
East Riding of Yorkshire,2009,590.3665444551671,2495.097,259.36251443642294,848.7098939582937,1.6577262781470576,1166.8898757958164,164.30926528685163,12.43039135750144,332.748,81.85204005687376,823.1519121405289,201.54581729593747
East Riding of Yorkshire,2010,587.6842440978903,2495.097,283.88461308542827,924.239149043246,1.6741688601103504,1148.360186442244,163.88400597232692,12.521661336978694,333.599,89.36873820938604,812.347071432211,167.4456920720217
East Riding of Yorkshire,2011,580.3518654481447,2495.097,256.04552854158663,808.216963807741,1.5755408565892963,1063.4539757921846,160.84031245099865,11.746173920971767,334.673,78.05104976787656,798.4183301824647,185.7492386623867
East Riding of Yorkshire,2012,584.0678700605522,2495.097,265.23607637185125,852.3755799700382,1.5982146887342097,1057.1785447499306,165.08593749731608,11.902691345899688,335.0251266147776,80.27507063954856,789.3883394747795,194.09325645264295
East Riding of Yorkshire,2013,581.6579627232451,2495.097,247.98203705756094,831.6176971037277,1.5687266016677601,1074.9181129928334,166.24817798418164,11.697473639917703,334.6128538631151,77.33721677991204,797.9992935682592,136.36453943170474
East Riding of Yorkshire,2014,592.8493391237233,2495.097,221.14946531046982,708.5706326446484,1.518892797270619,1084.8616913931842,160.1866668069421,11.295895825120112,335.5010457305835,68.46561433974223,809.2269593788042,144.47449279401508
East Riding of Yorkshire,2015,592.5720641042058,2495.097,187.6544825836208,687.6374133339253,1.4525848647893222,958.9160087508499,156.60415909068607,10.779601161918116,336.22209986629326,58.142297582083415,833.3996449514581,149.4140679844157
East Riding of Yorkshire,2016,558.5276008689457,2495.097,176.867780150853,655.0119839858834,1.4501277377944917,936.4015543722614,164.30514636214298,10.645208175817512,339.89089817963645,49.75043249483963,861.3865709796786,215.95829897321758
East Riding of Yorkshire,2017,615.8942644279758,2495.097,121.64421902528518,627.034069870488,1.4506407313756489,981.8583938554533,162.23521275791853,10.625640080888067,340.63729896549245,54.26975397456635,866.0993796178003,190.4540434037003
East Riding of Yorkshire,2018,626.1780266684119,2495.097,70.41044895472153,613.814125554054,1.4168694774094301,979.8617597220888,156.69204267907173,10.340488968229765,341.88197418299154,52.83991649753807,864.3789844481806,171.05147795176936
East Riding of Yorkshire,2019,650.1647931299457,2495.097,93.42828651897122,598.1638609746508,1.3991451699723214,936.1833219329379,155.31701169797236,10.170305882298374,343.25446614527016,49.85211527979196,860.8034140358637,147.09011259229462
East Riding of Yorkshire,2020,613.8790554992236,2495.097,56.00030818846124,582.6099567828306,1.2941711440284258,899.1869975542365,155.02311809460286,9.367821507764756,344.69940917164,47.61555036688833,714.1759451301388,160.59160733551178
East Riding of Yorkshire,2021,653.4361575079228,2495.097,67.32660057941878,596.4004381735675,1.2535932242462384,608.6275761121212,154.4705374885412,9.11525717568803,343.143,50.35560582942716,770.4346096364973,226.78516770961983
Hambleton,2005,478.9057161889563,1311.2282,88.29594601693023,273.83235507318716,1.156188724462399,143.4728525533828,0.5909573880240034,17.633965244930064,85.972,40.865037652594495,434.40317898173305,55.66121618232013
Hambleton,2006,480.50623759351424,1311.2282,93.03545606416702,276.6619221679257,1.16126378085062,139.5542380380276,0.8082861557290404,17.50309577665329,86.995,39.88906300437421,439.3248138425082,52.90180022370658
Hambleton,2007,458.3465024774735,1311.2282,89.82968567155352,265.2478466913386,1.1120212074542901,133.8862393924003,-3.1852113188535722,16.617057553586584,87.748,36.60792568749258,436.47343774899207,40.9071398617184
Hambleton,2008,461.41029348522073,1311.2282,89.42772831390326,267.45655887566227,1.0875677005633688,122.74873098336619,-8.20616712628807,16.116830975654317,88.482,35.733531168286866,426.9205507595442,30.558211928149827
Hambleton,2009,464.7500991446649,1311.2282,78.37352822058335,251.62804584942546,1.0502477510809922,111.86344240192344,-7.102683252292359,15.535162369044812,88.645,31.170978991001498,410.4678237159806,35.96323313269067
Hambleton,2010,459.36459340297745,1311.2282,77.39218435465683,272.52084451893035,1.0785765590561396,120.82014386578741,-6.597673549998286,15.873439886115824,89.096,31.83110838776159,410.98397632868983,47.94482278457003
Hambleton,2011,446.44092486284217,1311.2282,77.41403566549366,237.2709036772696,1.022616763735252,116.12208098647453,-8.776038525500798,14.964888489123007,89.602,32.53808454927493,399.77407812335326,40.09986906319177
Hambleton,2012,455.67469088456426,1311.2282,86.1443791672604,249.13955947978087,1.0478335102850391,119.98294335161188,-4.081428794408724,15.359121661155704,89.45491011152977,34.95989975010323,397.0753813391033,35.0534224127186
Hambleton,2013,437.6749896611195,1311.2282,77.12456909680054,245.19073107440812,1.0286780888221385,114.8612713310632,-7.788132196552546,15.100570603762181,89.32322851757951,33.86364717233108,416.4982465939582,31.406396052564872
Hambleton,2014,453.4245681081011,1311.2282,65.26732418936754,210.10213258306783,0.994588447496444,110.02865843387801,-7.953543714698696,14.605001085333624,89.29355171778587,30.059223655659288,417.5450417586145,25.659014737566757
Hambleton,2015,459.5252830626102,1311.2282,54.9418587092678,203.05679996586684,0.9875203650687653,99.93517396221242,-10.01550415477407,14.48764386055834,89.37716603302513,24.869246464338847,428.65209279391837,33.89959994902024
Hambleton,2016,458.0627135140835,1311.2282,46.16390343163382,192.91179963052946,0.9760022791175175,91.88141419594025,-4.881062904650718,14.19303081923319,90.16831767242664,21.533835961707588,441.91186955906005,32.17723825485551
Hambleton,2017,466.094717098889,1311.2282,31.056445003627722,181.92159337426452,0.9833307420654654,107.42571193673314,-7.594962401102664,14.294527555301725,90.20032274133797,25.05638811831702,453.4685017851135,31.942604007322444
Hambleton,2018,457.81413507280666,1311.2282,20.706889031457724,180.72343521202538,0.9651842033235148,112.90741109589833,-8.070429629353892,14.013064663176454,90.31405877388194,23.261770777113547,457.5564540317725,20.67708000060602
Hambleton,2019,445.039802274626,1311.2282,18.154349313912476,173.60505947695987,0.9349104865777047,114.21631437016211,-9.65036932897121,13.552125813920698,90.45673064938543,13.13359265228623,448.9468424561716,22.43540326125998
Hambleton,2020,433.9063013841539,1311.2282,14.872026439011135,169.25285262338969,0.8572266842743917,111.2612517362149,-9.052405102300261,12.393249016684042,90.69613631582007,12.086117943597667,370.2985548067599,21.39510238225178
Hambleton,2021,456.9176643422553,1311.2282,17.94158757517928,174.53631781270892,0.9316629409744674,124.99869507723872,-8.362947811586732,13.41896944210219,91.037,14.479550224691359,418.96487443668934,22.146979443480806
Harrogate,2005,412.2576979885245,1309.1279,175.5710151524827,473.2089010032025,1.5084194505044595,151.96590766571734,-16.04527661574458,12.850103710853936,153.673,109.31954948602532,572.7522707245089,95.68392215334113
Harrogate,2006,411.2897709806555,1309.1279,190.4142579395701,472.65576321842184,1.5318379937228352,153.72975159183622,-16.86064904618786,12.999104530126326,154.27,114.77821213593178,588.5818893718314,90.78285967052864
Harrogate,2007,404.716107976602,1309.1279,183.3021399723588,452.53966051936095,1.5088380444535572,150.707707211645,-20.252070046682174,12.738037380862536,155.068,110.06038001063635,625.5522731402611,68.63578179140922
Harrogate,2008,404.6270198141582,1309.1279,189.42610469782298,456.0170168842457,1.430231521712805,137.12809608425135,-23.914902650516495,12.014373366360305,155.843,112.15593302391864,547.084164788654,49.832555891154115
Harrogate,2009,393.33912029346095,1309.1279,171.94620284630625,421.06818172300973,1.356410851348575,128.98267625867402,-24.520933386790038,11.3456261180567,156.511,101.95097790527164,524.5855503477087,58.36351337553112
Harrogate,2010,398.992994129111,1309.1279,179.19238501238962,454.4968941971461,1.4084934390137662,137.6826963905405,-24.834511109748043,11.704985418615191,157.531,106.88855780490191,533.2014261206923,58.277615434836584
Harrogate,2011,389.63628171376854,1309.1279,168.38535110965415,400.7867786060099,1.3336958397466048,125.91857457179768,-26.920160961320086,11.002933105160661,158.683,98.85615115719895,527.788297873577,61.52715985552289
Harrogate,2012,396.0318084933685,1309.1279,182.15266357016407,427.30250158418204,1.3635663796966166,131.25527309233723,-23.447269424682744,11.216628812611086,159.14610539272095,107.82903163233857,507.6400548678612,56.31872734726593
Harrogate,2013,387.7341596932182,1309.1279,166.70357057156752,416.0487737736896,1.313909838960082,122.17796434181855,-27.681676481314533,10.808574634213118,159.13995013019354,99.35297252705027,505.2268462917067,50.51341754941421
Harrogate,2014,397.72724330871114,1309.1279,140.95225429256644,354.4800533608354,1.2357261924018204,113.60071529978745,-27.700281129809525,10.144889118641851,159.46193362146516,83.95696651602131,515.7291122066263,38.97757137925252
Harrogate,2015,399.7181274775122,1309.1279,129.3728405339701,345.93657193700744,1.2315132516071243,107.29078574985299,-29.51712803135457,10.084059758193229,159.8769142149022,77.4760336346021,528.6593222636802,53.271803333335214
Harrogate,2016,388.29436509741487,1309.1279,111.97203967006268,327.19940504191555,1.1859555169587666,97.39088427490758,-25.936267561249466,9.610864440252115,161.54295641786382,63.07766328439789,541.5501648378739,49.01920076432121
Harrogate,2017,398.3179607074673,1309.1279,83.32689949162413,309.6406086875365,1.1553049390992127,101.45990452136407,-28.87893150902703,9.319931813742876,162.28036417094611,66.08292115889508,535.2900044285508,47.202561296169414
Harrogate,2018,397.49341454002285,1309.1279,59.645489245470586,306.0583356286385,1.116499429977596,124.79645152663534,-28.476153495682965,8.98596063213407,162.65824144509335,48.38032461251325,528.8892410613976,24.853450998772388
Harrogate,2019,399.96021247262075,1309.1279,49.28905782438161,298.49883946877367,1.1108785547995537,122.58264260342682,-29.86095048046987,8.940457107387873,162.66305985608278,46.94995059065971,536.7393715266356,30.12298559374615
Harrogate,2020,383.54771164915513,1309.1279,42.70781484178973,288.5859080002007,1.0077868384736395,118.97076857800488,-30.448035690765327,8.09839868744884,162.91144933915916,43.509196126595604,443.1542203448456,29.29428364880828
Harrogate,2021,389.20166042736855,1309.1279,50.92285735027472,299.26974906316224,1.0802386522296568,128.70731001988852,-30.896253678321983,8.617473923964784,164.105,47.7033778523431,498.98624980925194,30.275607448273465
"Kingston upon Hull, City of",2005,4.293925917809027,81.4974,317.6800035804981,604.9828861709204,26.21709036638446,503.58579329641907,6.847897190152268,8.373699146122147,255.159,110.74815823940959,368.86456178290655,219.62147424726518
"Kingston upon Hull, City of",2006,7.369400538083691,81.4974,315.86274542732934,598.1709025228234,25.532386217226822,487.0799867659353,6.775480372515767,8.144217319576438,255.497,103.90101681894787,354.26883149341853,207.3947285607672
"Kingston upon Hull, City of",2007,4.736683710442737,81.4974,290.2064433553902,573.6037260785022,23.69892322417099,453.15471390688833,6.616652332256502,7.551583805074085,255.761,96.11830991038582,352.78794829717435,154.1761479785132
"Kingston upon Hull, City of",2008,5.014361453935752,81.4974,286.15585820229853,571.604012227311,23.46649585054385,427.04944084584946,6.434683482718992,7.448834252257533,256.746,94.61051148077263,339.012811216011,182.57672002121535
"Kingston upon Hull, City of",2009,4.039436854752722,81.4974,242.88811168638787,506.7262328372651,21.509479732885016,389.0331468630918,6.248099746487957,6.845413616824586,256.079,83.14910999919957,333.25177665985655,187.63075893578227
"Kingston upon Hull, City of",2010,4.499647459598087,81.4974,247.28340657207008,544.3022595204317,22.04491991465644,432.34175673034247,6.084859526595769,7.013216236826227,256.174,86.01021443889255,325.9189406834437,150.1625713213467
"Kingston upon Hull, City of",2011,4.555007901775887,81.4974,227.7900778545085,476.1697737484339,20.308599204863892,379.51679881336906,5.882826888060521,6.462121843170955,256.123,77.67240160105706,323.50980173221006,160.00134429905907
"Kingston upon Hull, City of",2012,4.768840732455692,81.4974,230.0524992273031,503.68242257948094,20.73447178092299,393.9037996255796,5.779096065634745,6.5756082260884865,256.98087270685494,80.46648027311036,322.44752474368465,148.704877271344
"Kingston upon Hull, City of",2013,4.963373377164052,81.4974,224.72267395963948,489.1033003566598,20.020820685260098,399.5149302323134,5.597045523406354,6.349160835560612,256.98590317264296,80.10489499778187,322.01461401216676,105.6239992557851
"Kingston upon Hull, City of",2014,4.6369064401247515,81.4974,190.51385510928162,413.7498549168274,17.598585046482725,375.34813116978773,5.462714398066738,5.562426783929705,257.84409946947113,69.36451432936119,331.0321583291636,44.130790274608295
"Kingston upon Hull, City of",2015,5.614322706569334,81.4974,172.215130831794,400.1155606585715,16.862867425956065,347.6722926609669,5.376080529285292,5.2903793509897135,259.7696234208638,61.65183843354717,333.21726230736516,48.417363632012226
"Kingston upon Hull, City of",2016,5.149048782351088,81.4974,155.32891699915143,377.2680619721904,15.90698933003651,321.80340681097385,5.238695864516086,4.925301455887825,263.2079038890087,51.99046597958387,340.39461892694544,39.20505689000517
"Kingston upon Hull, City of",2017,4.917483890844412,81.4974,113.28354464925023,361.20511005609984,15.51858811538445,326.42330894000065,5.141435804063039,4.7685100253655985,265.2242684501365,65.22171124242108,344.75292985919515,43.77905863285827
"Kingston upon Hull, City of",2018,5.141793585386118,81.4974,72.06151921786174,349.40184017923525,15.107886214630726,347.3443921393255,5.313246544462407,4.62471032778604,266.2336359945979,72.14040438604606,341.8093158276713,38.04093410825773
"Kingston upon Hull, City of",2019,4.803325435903593,81.4974,60.65784239717427,343.8930686070558,14.512568463681937,323.5677122087277,5.224845354210683,4.427318477828126,267.1451360536136,60.87416350388614,345.82857791648695,37.887061688627256
"Kingston upon Hull, City of",2020,3.716900282334581,81.4974,48.60852184400414,332.96775079429835,13.24262333065454,300.2484403825389,5.457492868177614,4.028086560133932,267.9285448602179,61.78542631355084,289.15199824601746,37.30283989676336
"Kingston upon Hull, City of",2021,5.0364601157668,81.4974,54.11120068954914,344.1945272135805,13.752381366903801,331.7263086039519,5.426598837322474,4.206149916540404,266.463,71.85598376108912,265.5878326858083,42.84441330403764
Kirklees,2005,105.86841421966604,408.5516,397.6348408082233,1052.8635428200496,7.554335882653989,649.2042754670872,-9.027444656052904,7.701899591229124,400.724,111.475950527016,726.7411026808163,51.57532992889345
Kirklees,2006,108.92637639566361,408.5516,388.59712767245423,1039.3603016137715,7.420663486512966,628.1271780645925,-10.494572369412987,7.499329502051745,404.266,106.12424565343561,717.6437605238473,53.43952292209822
Kirklees,2007,102.54375749434341,408.5516,353.0794727015592,999.4770490928944,7.213638151411333,585.2519826490823,-11.98104695513823,7.223851050753583,407.974,96.0786534408406,725.4096301076839,97.28391004887662
Kirklees,2008,100.09981348626471,408.5516,350.46437262866755,994.8419145402929,7.088225456520731,536.6438308460067,-13.635540678929546,7.032191904028526,411.807,93.62417090572121,693.4439304697551,140.42335922449735
Kirklees,2009,100.37913848102576,408.5516,308.5708252775087,907.6731665526477,6.472062791201288,481.94383610090006,-14.484049333520858,6.374800459625473,414.785,82.42988442727199,667.2386754810833,110.42013165883591
Kirklees,2010,99.58484085697327,408.5516,328.76635040900953,978.5267566922753,6.756263816446621,514.6903442666172,-15.08301594807746,6.598195225000235,418.339,87.79149774941514,667.7957446833703,98.2098735217908
Kirklees,2011,98.99072112415715,408.5516,299.8545523175355,863.7813245234775,6.265436758956233,467.52654050455374,-15.027476791087912,6.051857608270996,422.97,80.14242882459364,664.0328846130965,100.45323745405742
Kirklees,2012,97.21622758047491,408.5516,287.8838712243226,925.9102568620215,6.271368202134424,446.99321593013656,-16.426599527299512,6.021519514382395,425.50348081599395,76.11470197311087,646.9139327191931,97.57190640918196
Kirklees,2013,95.13924834019639,408.5516,296.38786861777834,899.1868323992713,6.212127136095572,454.8145838631034,-17.958711286586652,5.931931751919855,427.84957531479597,79.8277945228402,645.7276474729199,84.84921692574095
Kirklees,2014,95.38014870251044,408.5516,271.3265191802696,767.0173931472226,5.798504266933073,436.76604996466506,-18.13081064958093,5.516949391181442,429.4018356682842,74.14363249952409,677.5476803918988,64.9375826258237
Kirklees,2015,95.82186970205376,408.5516,249.543009027534,749.6076231121477,5.6578013004872085,415.61101320543804,-18.70639500311322,5.340794638263451,432.80147063428575,68.31769182451659,681.5655422753492,69.74341965220407
Kirklees,2016,94.77672732799012,408.5516,241.05458980756552,710.5641963435678,5.4647829934778445,368.4061584290994,-18.508478434544813,5.089814840006206,438.649716309806,59.902186486301055,704.7281293210799,71.72232635710397
Kirklees,2017,96.78209742315619,408.5516,183.62001805047285,677.5773777646468,5.2034448583771,350.8769580040844,-19.47667475762439,4.819939970859187,441.0585474621142,62.15873844123516,700.1936834700554,74.14352400571111
Kirklees,2018,94.25038678249406,408.5516,144.58453830648148,663.8554690934433,5.104703052893756,375.0979828741617,-18.896442732032966,4.720523255350902,441.8015730397242,63.385262255375885,691.1932819219428,72.0641212827617
Kirklees,2019,91.99954688612038,408.5516,135.32528152905093,657.0629742119102,4.951387631879929,350.9475940219221,-16.611773382606433,4.578284757434669,441.8461162643448,53.12008871584058,688.291631567111,62.761995675407924
Kirklees,2020,88.98576726497012,408.5516,110.04692587380266,630.3413340425527,4.419894893745545,312.96644972752097,-19.904876163243863,4.0980552390591605,440.63708889540044,43.92196200762556,572.7180873985798,66.67948051976461
Kirklees,2021,89.83845417307097,408.5516,137.03094946048662,653.296587130523,4.759580384013693,357.84709404267664,-18.884468381730706,4.487162213929478,433.355,58.79560705732976,598.2338218059333,68.37613592911916
Leeds,2005,96.51953848857076,551.7068,979.5809978103283,1906.910149317857,11.389355118638546,925.6090888452011,-16.099925050752322,8.548466733828663,735.054,331.76120637799335,1752.4181750975547,306.8854356809397
Leeds,2006,96.51119889953671,551.7068,1016.7610011004437,1882.0083296566543,11.279861079368807,915.5484678219499,-16.926744267954994,8.453059288652481,736.204,317.4395949349642,1721.0685530525623,290.7656593449544
Leeds,2007,89.82982120963308,551.7068,970.5909620317559,1803.4667795650998,11.35706960301679,887.1826902640194,-18.163554511923348,8.483769129194195,738.56,296.92309440221385,1728.0258545101474,507.9168805867176
Leeds,2008,91.91800827675914,551.7068,975.5218107527957,1795.5595526117563,11.153639869213627,843.8771187335182,-19.895164042615637,8.296925108500831,741.665,289.0230210142581,1670.4276300519698,507.106983197827
Leeds,2009,87.53665221696093,551.7068,853.894228436668,1634.730300615359,10.011446764693426,746.9684321162796,-20.43191059784907,7.425049917553604,743.885,253.23960855797688,1592.6383200731516,374.80762650081596
Leeds,2010,85.32014647986,551.7068,886.1023374131001,1752.8587071572267,10.221273436976874,804.8892182654076,-20.982739324155574,7.54329162024679,747.571,272.4120417870284,1577.9146796667615,280.6316683942861
Leeds,2011,82.58444276122043,551.7068,809.1976889436149,1545.7312589440044,9.511411976376285,729.1779214223488,-21.964525132347344,6.990315039728136,750.683,238.75268477497735,1560.462195847496,303.56899740691864
Leeds,2012,83.1254257113558,551.7068,857.8082718019518,1654.073486289861,9.974086301662409,773.9967852552661,-21.362137753248877,7.266156438825546,757.315271525235,268.54100077195847,1533.6670075694951,352.921396767366
Leeds,2013,84.0832994630282,551.7068,811.4011654260746,1591.1843669165269,9.688494224478609,753.1737082462028,-23.203756971910387,7.009282559225155,762.5899084879329,271.426112512539,1528.0998245354053,329.0434252777063
Leeds,2014,82.83447052446311,551.7068,679.3050692780124,1351.6009407408067,8.765837570371895,671.6279214491665,-22.895563381126916,6.296833664075646,768.0323879064363,228.15267188469332,1577.202478361651,268.34420641198926
Leeds,2015,84.10359799778378,551.7068,581.7732773588303,1310.8054597463927,8.551540140214255,613.5176889543142,-24.222732076235847,6.073712526420535,776.7807292996164,199.86479626226358,1638.220562501873,313.88019508393677
Leeds,2016,82.37423428211915,551.7068,493.8509692571138,1235.6373190915408,8.269373240807022,570.6854611645906,-22.74936004229709,5.784969395434513,788.6419334027604,222.288040600176,1695.3166080679425,284.8661762700845
Leeds,2017,83.31351914830961,551.7068,385.11255238577644,1178.4520744035844,8.091405212836273,639.8170876152528,-23.862497368354322,5.60778134167289,796.0515942915694,236.30388291920508,1691.044803328597,273.90185504485066
Leeds,2018,87.24818482935046,551.7068,229.7463054039614,1154.0808117612678,7.9798711275119745,757.6459383284102,-23.031531774839877,5.498115087711163,800.7379063439689,239.0475309743718,1664.981579326135,292.83034532336575
Leeds,2019,81.51996746110491,551.7068,208.22529891808958,1131.2692420766061,7.708504874321642,658.130617534906,-23.39204128912634,5.27330101550834,806.48431494602,248.51229329175422,1682.4361994950325,266.1329795080285
Leeds,2020,77.80238391192853,551.7068,169.82565639321672,1089.933967197608,6.863779703327694,603.1794922631094,-23.586247798666665,4.6755731611101865,809.9101020437718,232.95102150899473,1396.588238048575,240.0994245031056
Leeds,2021,83.67468399350692,551.7068,212.28115887175218,1126.6914432026767,7.095898082683778,634.2603401991647,-23.46526979713977,4.838913502394953,809.036,240.90239368805902,1433.9214685413135,206.58900562427127
North East Lincolnshire,2005,20.019850902457392,202.6626,241.8781614222472,419.572565887705,11.39028577258802,1170.411959631047,4.864437331262019,14.543297712494548,158.725,51.349418500848564,268.58721421346456,131.70132152666574
North East Lincolnshire,2006,18.603824525231868,202.6626,251.30534758061282,411.6418643550238,10.84771464694095,1071.0694197975922,4.9542896261317715,13.860576599250582,158.61,51.839303932958686,264.89995612405664,124.11204846552612
North East Lincolnshire,2007,20.013149594944963,202.6626,231.3026528311485,393.1722696445775,9.706255115236743,969.6149952502234,4.5914693191683265,12.403728492626714,158.589,47.90029886922011,264.3885145853308,36.111547822564425
North East Lincolnshire,2008,21.179359281003883,202.6626,245.69562938435385,390.1338012979511,9.622853670324204,913.4349742469332,4.246819341795273,12.287928423566841,158.708,48.72823100051659,256.8033810329013,69.9703486619911
North East Lincolnshire,2009,20.532266685317104,202.6626,217.81035128139462,353.83613796612633,8.499766603709068,774.862440875845,4.528780099886837,10.855098962756394,158.689,44.64106406809894,248.36926961212174,58.00448871205853
North East Lincolnshire,2010,20.205630484326754,202.6626,228.10485963024828,380.6071416200115,8.972207936862777,836.2895231214702,4.3710382976188695,11.439569352978252,158.951,48.08499538574089,245.3961390114943,55.271660674335564
North East Lincolnshire,2011,20.10785062855038,202.6626,207.75005919829738,334.642980331127,8.083818169786316,740.7944124051285,4.367588263578538,10.256284522591391,159.735,42.69182398766211,243.1495634999913,44.78332990180125
North East Lincolnshire,2012,19.50533168692258,202.6626,203.53761448741167,351.43465524805634,8.384286601102913,791.6036057952883,4.5524796718640195,10.640238602100228,159.6939115058271,43.56393302127535,240.8373413224037,44.14636049145679
North East Lincolnshire,2013,18.669940358098593,202.6626,201.18564123090843,344.1155836735904,8.120174502333484,760.9552829758703,4.1604397070930155,10.314410110302592,159.54918017588227,41.66613852113104,238.68542007113913,36.21723055877904
North East Lincolnshire,2014,19.298305146436753,202.6626,183.31092369842187,293.99702365143895,7.492261427533891,707.7947276129926,4.001622947826148,9.525300847764528,159.40716257167668,38.749487432287225,244.24104447956552,27.008045814761374
North East Lincolnshire,2015,18.99436069064754,202.6626,140.68214036477042,282.9791422426959,6.6219503356579725,586.2921155989513,3.7905323836883946,8.421992090492314,159.3472966580367,26.56840115976581,251.4428583466302,31.272121308168046
North East Lincolnshire,2016,17.166886363225885,202.6626,124.24764338531627,267.9659695511185,6.742128087131961,634.7857860665473,4.1666335512161385,8.573609997851422,159.37011457409525,27.981777961198535,257.9945599394022,32.067950853164916
North East Lincolnshire,2017,18.67761930048904,202.6626,86.24685983997605,257.8938512552754,6.891590095763298,707.3312689438592,4.147272793999734,8.76774360514981,159.2961233630616,30.299812036670048,254.68633808348102,37.38454468788874
North East Lincolnshire,2018,18.153172914894323,202.6626,43.25033554788303,248.77706020633687,6.938532805277993,769.8492573857579,4.257908593546568,8.841927776342734,159.0355784476411,35.33455512979721,256.3027102642125,30.256098460503033
North East Lincolnshire,2019,17.16968273616823,202.6626,31.711809764394076,242.81224656466225,6.50796436337996,713.1205993824659,4.124078397219477,8.31521571651144,158.6153653201034,27.391574859145734,253.44947123639582,29.141515649475007
North East Lincolnshire,2020,15.438620225368469,202.6626,26.45142524494968,235.69686382404913,6.049607626910237,678.8953688314218,4.374807822945355,7.755779470884579,158.07943163572503,25.313902758021424,211.0538082209131,28.804413721789665
North East Lincolnshire,2021,14.768494562684872,202.6626,29.525585152633003,241.1274373231597,6.364471785594414,744.0170994876814,4.415339266506674,8.205248189820457,157.197,29.203666775940125,203.68894324192578,23.09383388467567
North Lincolnshire,2005,185.50007518872982,875.6845,176.6260261531211,441.22621825292737,13.191363037023706,9873.095620879663,104.21084178783458,72.3418367186329,159.679,30.648312418581618,488.69253764153154,251.47251307219676
North Lincolnshire,2006,177.2052275949399,875.6845,185.83728950459894,434.12473038579896,13.65776597503966,10305.214665772017,103.70916202667782,74.20992392155529,161.163,30.83202963911831,486.63528045810347,236.33558358836422
North Lincolnshire,2007,177.01812348246384,875.6845,155.47403182315927,420.4710268619229,13.633340240019715,10350.104207457776,98.51958365477907,73.33188820346032,162.801,26.407131956669787,502.37397863294177,208.1366475418317
North Lincolnshire,2008,182.14860676983045,875.6845,180.75041423958277,417.82294903438645,12.491360552955587,9434.126584154234,93.34672977124518,66.48770549380095,164.519,29.136603809506944,473.51965877106994,127.6392735847822
North Lincolnshire,2009,170.7493688593715,875.6845,141.7180117077124,383.13220003950227,9.505401661378126,6858.60814812449,94.39517986910194,50.27258776328772,165.572,23.69123595813093,451.9586036674392,199.4801529173266
North Lincolnshire,2010,176.42923762616155,875.6845,177.84489515173073,415.32657836792663,11.104948266502292,8230.039416084273,93.29886245736981,58.39131416832049,166.539,28.680562643220807,447.787114204046,155.02440374319417
North Lincolnshire,2011,175.97615540486902,875.6845,147.90446323848587,362.61974061501274,10.995520993313498,8201.782446772966,92.26720937284136,57.478732200322554,167.516,24.14882911060397,443.2482793737769,180.6601793806797
North Lincolnshire,2012,174.83601487135235,875.6845,147.9820537476912,382.61921329272616,9.509228839307266,6894.555890197275,93.86682027458839,49.53736292492763,168.0970445308889,24.33555706139352,451.36936091678683,157.51939117255063
North Lincolnshire,2013,169.90542168362444,875.6845,141.15961337905605,375.3977519187933,9.747417800910062,7161.210783892689,92.32991142703196,50.71536280223871,168.30526711531758,23.742370557581047,456.066696386808,115.85013403544528
North Lincolnshire,2014,178.9684227203156,875.6845,108.14075301502724,320.9967816685981,8.93405217475265,6534.836908548628,92.50479349987503,46.38172214466878,168.67444005680213,18.71410094554273,467.884838363365,101.36441286083331
North Lincolnshire,2015,172.94487201440103,875.6845,101.85755720895537,310.8994971804957,10.321590388719647,7772.241006775541,90.93298836303012,53.42342730914905,169.18526522919066,17.248171118523068,476.4677911075354,95.86483498228549
North Lincolnshire,2016,164.37184316055996,875.6845,83.81137679047416,297.3123698608293,9.328443452143182,6921.324472288295,93.74413909400376,47.96651225983212,170.30159074144171,14.547849689739444,495.95898675605264,97.7023025283238
North Lincolnshire,2017,173.9233298764899,875.6845,64.92306654493919,283.18124073200295,8.823708397971403,6490.434492815406,93.310416284262,45.26009649237622,170.71958028027885,16.311703523668303,496.4845245991339,108.21590224748635
North Lincolnshire,2018,170.56776008729258,875.6845,39.4496280570319,276.45140702154043,9.061420496748012,6628.562489015903,93.25625749140721,46.38694505246996,171.0598848018344,15.09536950633836,508.7715254648386,202.79104034018042
North Lincolnshire,2019,168.42180364140245,875.6845,32.24923104866468,270.360420213485,8.62612647430301,6061.0701799358485,93.15170371877697,44.19462363475328,170.92045654726988,13.88347113581887,500.2596317217043,414.3688071710953
North Lincolnshire,2020,146.7798165261703,875.6845,30.051300263734372,261.5791528167886,8.274220518600577,5837.226308712206,94.2948696668775,42.40153654487012,170.88075688137025,12.011584385097615,433.1203035180289,430.5433218315836
North Lincolnshire,2021,157.97401030101116,875.6845,35.281332999731845,267.9314160508891,8.774547752301766,6084.582569519288,94.94593774606695,45.21440191361949,169.94,14.502851679851489,459.3986809069258,569.1186619967299
Richmondshire,2005,276.04922582832614,1318.7074,65.2772070485292,153.06321726751992,0.6260388427562882,34.39452330053238,34.498956622824714,16.396140188479944,50.351,16.53128671386517,214.92213749039934,30.825500358156813
Richmondshire,2006,280.67677442275897,1318.7074,66.91715527320463,154.7280711112945,0.6303949108478702,32.6238322724156,33.96560370722412,16.299167379515456,51.003,15.052341106183736,218.38717937503165,28.955476589313637
Richmondshire,2007,273.5461497156345,1318.7074,66.63672818308821,146.84629693581607,0.6083288903302044,31.157467749852444,31.10724721677147,15.538833326467845,51.626,14.228320031498319,216.97017397748598,21.715425502081896
Richmondshire,2008,273.36413621215036,1318.7074,70.13400197734542,147.5237685118537,0.6065761832472149,30.328041989445538,28.222325127738454,15.345736240035649,52.125,14.781336513496223,219.7014025436576,15.84148863617135
Richmondshire,2009,269.41111160937226,1318.7074,69.25512684285833,138.24112025822325,0.5874944984217554,31.407695511567795,26.45447015414462,14.77370981174785,52.44,14.413124886282251,208.0701770058183,17.480516259790317
Richmondshire,2010,269.495443748446,1318.7074,69.33173624702985,148.8495249340094,0.5953231535566214,32.795846571865624,26.164340576972577,14.846853036035572,52.877,14.48107474256265,205.60625583272332,18.332825332843633
Richmondshire,2011,262.1564782733972,1318.7074,62.20331482096944,129.77265175638576,0.562820563521671,29.171889045734176,23.30123788704966,13.928268470512464,53.287,12.990917331207626,203.1328442299913,19.46630864346251
Richmondshire,2012,265.7855452284599,1318.7074,66.21380714361756,137.20119763311288,0.5696625485479985,30.622942802567948,25.419910905273124,14.198483475520483,52.908341906251856,13.80748348590509,194.61358937471846,17.55374169945
Richmondshire,2013,261.7953791719286,1318.7074,63.68207968124685,134.50427735891475,0.5625051668591906,30.619956646040905,22.042094360007088,14.071917912031095,52.713477346343,14.220691634143446,199.86947540034407,15.045771822823847
Richmondshire,2014,265.24617503934434,1318.7074,54.70845349680813,114.93828485336469,0.5379306946694994,28.967622701748773,21.338374955823078,13.565212268346535,52.29355602514836,12.322522031960155,200.92138669185783,10.930367976902652
Richmondshire,2015,266.4077361575386,1318.7074,49.835703205203316,111.18018747021094,0.534325769354014,25.659982732227796,19.307363337411086,13.52571707362345,52.094786710562815,11.111778806038261,205.49219852562203,15.624395823579246
Richmondshire,2016,261.2660285050594,1318.7074,45.034368990848016,104.2549206960988,0.5229077377041256,24.093308498096164,21.5054560327637,13.092645398613422,52.667912574850426,7.566090042518054,211.25520370205746,14.58692676024792
Richmondshire,2017,273.1607741571712,1318.7074,31.85971071345962,97.97197644172158,0.5199169502287332,26.379751254057666,18.71801304536534,13.204078093073058,51.92474058539095,10.862453167815964,212.44373328147302,14.221917590997872
Richmondshire,2018,271.7644256877417,1318.7074,22.801448672377717,96.33517885492986,0.528552732435712,25.9859208560083,17.981903215746307,13.6366714728078,51.1126487825903,12.505129113249474,241.28142640799902,8.350966745141111
Richmondshire,2019,267.7280660188533,1318.7074,19.922804863805865,92.056640281987,0.5139078717068706,30.968177526116726,16.13380252488883,13.340135597939858,50.801141289954984,10.802162817695326,231.36302669175805,8.719432612995641
Richmondshire,2020,260.235989860096,1318.7074,16.800757631449315,89.02009530467404,0.47090973328981767,27.517918739193398,15.349103532697878,12.098132221673103,51.32958862103007,10.695731591710047,192.88210401804312,8.490449343445418
Richmondshire,2021,267.72542898977895,1318.7074,18.25410439715117,91.32099307926319,0.5141017660886276,27.7057033271737,14.942921628474421,13.462603822513646,50.358,14.301410674642078,236.00536114005004,7.693880057608809
Rotherham,2005,47.60341523540304,286.53430000000003,305.09638385119035,639.1116929461045,9.530363977851138,859.7670396558515,-6.795116195311942,10.807464811076645,252.675,114.1088529947263,646.8854413751897,124.99846127563785
Rotherham,2006,40.61975189632023,286.53430000000003,241.199346283724,630.3405720880409,8.582210096850957,723.3790861884706,-7.146936415082238,9.695304183734777,253.638,77.12573107574926,634.6601287418785,118.91988269501906
Rotherham,2007,38.09523597987157,286.53430000000003,220.34018448026345,599.8157109890317,8.096062509365677,677.2018405072246,-7.697564985762062,9.126601636152873,254.18,69.306907716733,633.0415338826534,89.69575530732247
Rotherham,2008,37.8421125402739,286.53430000000003,210.99510008316204,592.5373067216888,7.770486790145337,600.6302512988086,-8.742116334507733,8.722146240949975,255.271,64.16169264272315,620.4811868349186,108.60545928647272
Rotherham,2009,37.40804217596079,286.53430000000003,184.5705486426764,538.240228854623,6.983158164333091,419.38348842802066,-8.694955055302772,7.80652692764888,256.313,57.45763188790285,593.4610002023601,179.0883512702269
Rotherham,2010,37.08483122804014,286.53430000000003,199.62221804303832,580.2611566866989,7.431107552620214,490.4895772669788,-8.874638978318982,8.288537254089238,256.893,63.05275337265822,596.1626667787779,171.46863641687295
Rotherham,2011,38.35857658571895,286.53430000000003,199.98146109458878,505.4335170632553,7.152250840200868,507.06162473736424,-9.218920248663697,7.952029318790327,257.716,64.20201421447037,587.4912327853721,156.0556816892608
Rotherham,2012,38.3275118353335,286.53430000000003,210.5367019683828,539.4204684488258,7.265013439193644,514.808598635936,-9.398279551593324,8.031891547423108,259.17625107348624,70.72758124762177,574.7051243932208,142.5478333122163
Rotherham,2013,44.026613827665585,286.53430000000003,213.4247397597447,528.9151635062686,7.132572376812944,521.7930517198063,-9.979692627776416,7.856832627595495,260.12093295856494,73.84464344982298,576.7310505945777,94.97106295932271
Rotherham,2014,37.224114075532235,286.53430000000003,177.96573345141763,449.5530362070582,6.373926830431035,479.0318707648404,-9.924096446693573,6.975346838773583,261.82908245604705,61.063575022148555,572.8550376190705,58.57939191540207
Rotherham,2015,39.11783683203226,286.53430000000003,156.60154022691498,436.424610574059,6.132740523672517,433.66950848806147,-10.576363030386874,6.676531669021508,263.19661167572565,54.809641927450386,591.9874528609804,55.20628515302663
Rotherham,2016,35.894920284154104,286.53430000000003,156.00979313384718,413.22175133390647,5.774326223712375,316.13782713911075,-9.591681869772225,6.232335328247892,265.47713422669983,46.60101024570098,605.2972902789161,90.97161193720581
Rotherham,2017,34.89761038054518,286.53430000000003,114.53051434571466,393.5455876747941,5.841968806482223,342.4532222125411,-10.11264202520195,6.274117080134712,266.7984070439563,52.30098909954055,608.5670579716128,137.74210292767242
Rotherham,2018,37.23422816793599,286.53430000000003,86.6929824232935,384.5918250440062,5.945955399801902,401.86196364159036,-9.532483965218262,6.36222844879293,267.78670115762594,49.99972249244127,608.4699589542714,144.40197155513795
Rotherham,2019,34.96213791578295,286.53430000000003,68.93092748019062,380.93566207582154,5.8761396059651085,374.9158618659438,-9.807659089150773,6.272098004914663,268.4453507228634,61.89778192538677,617.0790659922033,154.80177053131024
Rotherham,2020,31.24633260897098,286.53430000000003,60.60654264222484,366.91511337212364,5.229434604692067,364.4605725785703,-9.798379578544129,5.597048668527383,267.7147319223614,45.53384566111745,514.0466251147033,125.40173145205183
Rotherham,2021,33.697553561840486,286.53430000000003,53.237664853475344,375.1497070738272,5.287905492051197,352.42265440576756,-9.670597082051213,5.692197843705442,266.183,47.22103221754903,534.9498834015751,128.15840019906238
Ryedale,2005,357.32693395801823,1506.5937,40.755642029537526,165.3770403224945,0.5796672603136092,137.01735237414965,-102.26475470602598,16.811485379316693,51.948,37.279311803924806,205.42665362131282,32.40486308133207
Ryedale,2006,338.91828385280576,1506.5937,44.99037812847747,167.33866070491104,0.5679455918094455,139.31042377222633,-104.4637580325854,16.502348085145556,51.851,37.98959181803076,200.8023020586869,30.777368260329272
Ryedale,2007,344.8623409934006,1506.5937,42.924004428646995,159.14205725487648,0.5488174841343795,130.07753524733502,-108.8466289111401,15.877049119526596,52.078,33.720169799869794,201.60714210476414,23.358343128953344
Ryedale,2008,351.0222007770375,1506.5937,41.78932804153187,160.4389235026064,0.5317440657550603,118.63790168037994,-115.8261612521195,15.376626861400373,52.1,30.13635872012397,197.67187309865201,17.251834910747327
Ryedale,2009,341.55800737208256,1506.5937,37.53169791241929,150.89970460551106,0.5187276362119866,110.21501723104326,-114.64345446197719,14.983833209978927,52.157,30.137644251704526,190.27483127371863,35.538340548368524
Ryedale,2010,337.2558703947275,1506.5937,37.738135448154445,164.54272978882986,0.5381172754297235,126.33861828931086,-114.01289126336862,15.606154055392526,51.949,32.89171462947096,189.18635984067086,36.7835598957903
Ryedale,2011,332.6612175269647,1506.5937,36.394016385836245,143.00752552020944,0.49214559813047465,112.31626356278399,-115.86363525324384,14.288313599639736,51.893,29.626899291839514,182.64929408897456,20.671876502740485
Ryedale,2012,331.0078224475527,1506.5937,40.40342671169564,150.25846015981446,0.5076851061618484,116.99938764668826,-103.41914426471472,14.68481401330751,52.086133459649886,31.991480922912423,179.07999245769207,18.55375644563091
Ryedale,2013,324.87132807340026,1506.5937,37.7028308802898,146.85522356562564,0.49618316659382616,121.86334382399903,-111.66131843021347,14.315175374509442,52.220557085695226,32.789719390832836,178.88077258293012,16.244532949444643
Ryedale,2014,334.56356006164486,1506.5937,33.16322628047634,127.04691121061167,0.48480505781707384,121.78506250682867,-111.13454073401465,13.871094796843453,52.656567958972644,29.337657438863403,183.0517539801378,12.590615090791307
Ryedale,2015,339.4566670715208,1506.5937,30.259466093311595,122.78615947695062,0.4833604609650009,112.14207233572108,-110.89595536249232,13.69220952271169,53.18555957758551,29.18534196203812,187.5996648208687,17.69440892104778
Ryedale,2016,328.1667722123434,1506.5937,26.6359841823326,116.17145319411635,0.4724894416114742,100.55661146533524,-105.45509626426006,13.154160218527394,54.11593018653807,33.98584782386728,195.51697957879773,16.271063855832068
Ryedale,2017,331.4107185956823,1506.5937,19.623045027900446,110.0873539365212,0.4648161928561468,102.27706187235657,-110.47901410843912,12.847411624553757,54.50818953108615,35.080189661338196,196.17130333497633,16.118489494719483
Ryedale,2018,329.7736279766407,1506.5937,12.447758856371888,108.89000050398595,0.4492420527936459,104.02672064044103,-110.70870664266262,12.370061984117577,54.714782139570325,29.127528017035587,194.4059377722066,8.862379389955018
Ryedale,2019,329.28210636800833,1506.5937,10.698717429493241,104.78761497363118,0.4340981542554545,88.394760709545,-114.0782381140703,11.905535525854642,54.93323193758205,26.562662783677936,197.98229994549985,10.37962028711043
Ryedale,2020,315.16640581119196,1506.5937,8.259339087369266,101.65139815252607,0.39567700508830844,77.7296830534552,-116.60634580898922,10.812483407437393,55.13298477673202,27.61760016527407,170.43643696283516,11.869965677250818
Ryedale,2021,325.2159213022368,1506.5937,8.368218097695891,105.58654324022166,0.42348544218104484,90.2083828300003,-115.24590721850416,11.622137807743162,54.897,30.580574584278445,182.9560959566175,10.350670439130129
Scarborough,2005,191.68383011438624,825.5051,107.50093037046587,329.5244104708283,1.3088822952822732,181.4625243019346,-5.705871503505476,9.935257050887998,108.753,33.25748554273388,176.02474821403734,66.74095254434131
Scarborough,2006,186.7118756214031,825.5051,111.50702501284255,326.2869312498178,1.2952570867570823,179.859754963154,-10.652051690699981,9.834093618287046,108.728,32.7320479511426,179.82855106160216,62.96719675985213
Scarborough,2007,193.3933270450444,825.5051,106.40678449645364,310.89622158077185,1.2362442840723247,170.1115556235694,-16.141444709726855,9.37871358521089,108.813,30.7923887085476,177.9103801165065,47.15674848638641
Scarborough,2008,190.46412767525746,825.5051,105.00782108252106,309.78192171065314,1.1935861123086178,165.17688218427077,-22.94764884753355,9.038310535246863,109.015,30.154134439401894,173.4570959978905,34.21708875747561
Scarborough,2009,187.44579346111348,825.5051,93.18983565709226,284.384680308028,1.1566052433964873,147.76964437719806,-27.789782579554238,8.764064943232164,108.943,26.652991416339244,168.9781653506057,74.15219911971909
Scarborough,2010,189.2043697614843,825.5051,94.49541449161202,307.4999929862562,1.1589508228654317,162.7001800540571,-31.610945882066876,8.776118800563328,109.014,28.1560205320045,164.15115743323287,42.123625548030326
Scarborough,2011,183.58811338353607,825.5051,90.08115024184328,267.970663134835,1.0659873403417468,146.90186016373679,-36.84402407694327,8.092867852922682,108.735,26.229193657128825,160.72461104066002,41.32641844275117
Scarborough,2012,185.12150964097515,825.5051,95.15450822642708,284.75752178287445,1.1041355712393432,157.20945653998592,-35.603688884446605,8.37619352558788,108.81667697446376,27.902987363587112,159.910449160836,37.01680131925181
Scarborough,2013,182.6081199719419,825.5051,89.8061460981256,276.3242314137514,1.0688334106827373,158.4577019112883,-43.509375071956434,8.122766709487903,108.62400252593491,27.581506807032458,159.07781725195773,31.98128318685295
Scarborough,2014,187.07093236107215,825.5051,77.19041451966991,235.21094719978925,0.9773028959883353,144.72100949293446,-47.075534858018564,7.427215100147905,108.6232880029386,23.778049217777784,161.85772059866915,24.014986351246606
Scarborough,2015,187.59099320606146,825.5051,67.84234295533189,228.69578926291985,0.9510848641936487,131.3874080570739,-50.147573553776375,7.226562934784037,108.64437395896387,20.116677740712777,165.80546243713198,33.83430581920929
Scarborough,2016,179.47801516265253,825.5051,60.758849570955185,215.69252628567426,0.9132699449738835,126.53001928468561,-48.74801098095918,6.913028489956249,109.05625491750743,18.374644661053363,170.67272606079146,31.150227207806864
Scarborough,2017,181.15802399443908,825.5051,47.8669935223488,206.9389057180497,0.8423438985979533,99.4688963374252,-55.67518716362204,6.359975179031477,109.3336317630701,14.294244399202013,170.8148990867669,30.492408351883185
Scarborough,2018,182.53030165781678,825.5051,30.467029149441903,200.2542057938005,0.834517455966488,122.30175546591875,-57.123011316779696,6.297144719270171,109.39853642417218,20.401520410371464,169.28231738452956,20.7842973942619
Scarborough,2019,181.2473534702756,825.5051,27.42298139347602,193.8463533476792,0.8169936898281228,121.56940335931262,-58.107487720814284,6.161343008848513,109.46192358587378,21.782364490177372,164.90677556499645,21.76471371583049
Scarborough,2020,172.73374770772548,825.5051,20.415951972359046,187.3505036767121,0.7928074291580124,160.02917969304048,-59.064330869157935,5.9813603526393395,109.41768051126321,18.39971775205514,134.88909200255588,19.712714152537657
Scarborough,2021,177.3553385742134,825.5051,28.900944089851496,194.09155499334355,0.8692295036183758,190.97302621227624,-58.08278495093575,6.585535736446165,108.959,22.3132097450692,141.71858072711794,20.28351891650179
Selby,2005,143.76338915944618,602.2232,80.33647626526206,225.4667688299116,2.367676234186928,523.821913946114,-1.0758279835531215,18.183400815088774,78.416,16.515596515856092,386.9547160614676,50.08652552149677
Selby,2006,144.95943843324932,602.2232,86.81599917752753,229.5412046678578,2.3409524951474503,500.9777374085304,-0.6381199766538073,17.762970323257846,79.366,16.155112923447483,384.1000994602267,47.86443058149654
Selby,2007,136.96855918915554,602.2232,84.16703783325289,220.52244102504824,2.304957043413901,497.7443366510975,-1.7535266514376318,17.23939202607159,80.519,16.03732052625874,397.5680667972865,36.84437117659682
Selby,2008,136.5145872495874,602.2232,80.2062794626614,221.27583868811567,2.0620664587206705,413.7447938538835,-3.437218683396179,15.176030959860075,81.828,13.97176126069473,352.73939910792393,26.808820443959213
Selby,2009,131.43115233209267,602.2232,68.57144999363744,205.71207098818672,1.9735323457266463,385.7623053883846,-1.6625403939762546,14.428180791839749,82.374,12.238111063374557,340.15622962840513,46.298185546901934
Selby,2010,131.51458246619796,602.2232,69.67092623454786,225.8267189280421,2.0712170803331498,426.0760283217934,-1.5518896633059456,14.998677032008063,83.163,12.694522958157298,337.3708482385806,45.733240528873324
Selby,2011,132.69809564983558,602.2232,68.06426010061288,197.83515838815782,1.916963620033711,370.23215271524714,-2.286723079118761,13.817850617500158,83.547,12.179309411371126,333.02790589343033,42.68980646074953
Selby,2012,133.87025685843471,602.2232,69.51117564435728,208.85155596430684,1.9287925465097049,375.8811706697756,-0.8692348032570354,13.772342548476104,84.34030851372842,12.39664836910052,330.4510764410559,31.470970351449488
Selby,2013,128.4637148117049,602.2232,68.65221977566273,203.82692310677632,1.9387213260282523,395.5795496984719,-2.2275653818017283,13.711400614175878,85.15125432640949,12.428230017368678,331.5392779416914,29.28061089910355
Selby,2014,128.1902317291583,602.2232,57.43999139537665,175.55559173463507,1.8073181424882425,361.1253369971709,-2.0904974828472755,12.659478806838807,85.97580767696009,10.686308477271572,335.7679009509072,21.734051385652904
Selby,2015,127.33452525423692,602.2232,49.74430772959385,169.04712842584692,1.7904046008622907,350.96707203863235,-3.2987764854486286,12.432415468544812,86.7267660700383,8.799244198270765,345.8129254777887,29.816761387090796
Selby,2016,117.98940743819847,602.2232,38.48630893742545,162.2765688508524,1.7980937878398304,374.16964049604366,-0.708233237103558,12.334846343686557,87.7881867873668,7.067193975190067,355.46352014773515,28.10938820468238
Selby,2017,120.4304161043118,602.2232,26.286670687159,154.09128175023437,1.7431358860949355,353.67898486702893,-1.358638658729611,11.828917932964782,88.74496190674121,15.181264412959154,352.87938274894583,28.567509447018622
Selby,2018,116.98405510972646,602.2232,17.02096931732374,153.93401466347092,1.7335416981107743,380.1601918301561,-0.9659081759716339,11.631135310098571,89.75727656295805,7.66493933670449,352.6276878015873,16.553078886707016
Selby,2019,109.70876167543302,602.2232,20.112211751965923,148.73702578786487,1.6819559092188803,354.78277916434473,-1.2042267211706834,11.134952909108408,90.9669648517453,7.244177208255486,352.9325427557814,20.59959828622906
Selby,2020,104.0082255247129,602.2232,11.914438702612168,144.53738471280548,1.524859858012349,343.2351226964353,-0.6107665071410192,10.006845465521874,91.76777900765266,6.363617814003236,286.6627146255556,22.195245674758837
Selby,2021,114.52949879617637,602.2232,15.578705695085397,148.57552787378327,1.7795054377833281,448.06517855305935,-0.2035780910337498,11.597920576176415,92.401,8.029786736679336,317.6560668673442,19.42827272818285
Sheffield,2005,53.14493512516222,367.93019999999996,733.8832798203885,1312.6952183100636,11.569832877264126,940.513519892242,-6.367781425572617,8.097243451371288,525.721,235.35745296993426,742.6128830512673,245.05141675488107
Sheffield,2006,53.228984865346575,367.93019999999996,724.177567446302,1295.3243531914738,11.00185194504062,807.3498622933544,-7.915849728221638,7.671893672465281,527.629,220.18172922714106,722.891895245615,232.67504396817273
Sheffield,2007,48.95895896779673,367.93019999999996,699.8728523353494,1232.0169996454958,10.509163444334611,791.9217142731234,-8.889559684425064,7.296852469606292,529.905,209.47574840416425,723.4847959532502,169.7970980119694
Sheffield,2008,48.63373687316687,367.93019999999996,715.0309041887856,1225.710839584385,10.89770608685485,788.3964001145685,-10.105293274944358,7.50811310134677,534.035,210.19316563859365,703.355694426923,328.3797325262446
Sheffield,2009,48.930171817994434,367.93019999999996,588.612720392634,1115.9761528316715,9.395027685059485,632.9539250929474,-11.26647767034685,6.420525117099238,538.385,172.531975506293,682.7867340441312,226.18921315414894
Sheffield,2010,47.341346931311165,367.93019999999996,622.3108047586103,1194.050100556634,9.916361400799518,695.5366951104008,-11.689153921628519,6.69930543976814,544.613,188.67451429713418,677.5225447820918,234.78198095389172
Sheffield,2011,44.5264164410329,367.93019999999996,588.1546019604108,1041.2473850734941,9.288338136389559,661.689867247129,-12.40895461111973,6.193788754792766,551.756,174.40346463333077,670.7367802132932,249.11054723186663
Sheffield,2012,45.359503437032956,367.93019999999996,605.3302977961309,1114.360626930411,9.751238809304024,678.857304331149,-11.807713566911206,6.4680269796978935,554.6939208226011,181.986489812492,656.1785114415649,317.5102251731213
Sheffield,2013,43.80098875765519,367.93019999999996,585.6726186972998,1089.0622588708047,9.486285079639432,662.6619111372092,-14.081543551607867,6.274886637065448,556.2316848868273,177.8259651886099,652.5132643732484,292.8353031355335
Sheffield,2014,42.64466803476811,367.93019999999996,521.3132493958532,924.4156894724894,8.59578044755905,625.3416806112808,-14.443072514825175,5.6979375934307415,555.0512211423245,159.91416747235985,661.3366428192056,242.12419393536052
Sheffield,2015,42.70092013912317,367.93019999999996,419.1565528307718,894.4648266858109,7.85612239163226,527.7240610102716,-15.336092015889363,5.186257453519918,557.3392197905538,131.32148492367594,667.9580804783666,222.5148487256044
Sheffield,2016,41.501072233285704,367.93019999999996,374.11323992478503,841.7956275506439,7.279082612977487,467.91189075819966,-14.315733951970508,4.759558742779454,562.6980286087058,110.50590575870096,681.9857006392804,174.69661869640515
Sheffield,2017,42.224375543238644,367.93019999999996,288.34509431023423,801.3728014313651,7.01302783482441,504.08408560074133,-15.54098744848065,4.570673073737436,564.5349584722319,118.51695596766926,679.7961479905048,161.50626047723978
Sheffield,2018,41.91032662450854,367.93019999999996,172.55724258630187,782.8933654289244,6.975418698212545,591.1733527971685,-14.88855090839518,4.559463526842274,562.8879760980404,124.02695360083234,680.9408060535075,187.8537005342335
Sheffield,2019,40.83460747382837,367.93019999999996,126.19238744612845,776.5277434302319,6.785435347435551,566.9532267398324,-15.00588675752148,4.44466326137863,561.6998268828706,114.63271186535255,672.9352167372541,213.49657753392577
Sheffield,2020,38.55901592374473,367.93019999999996,93.69617099291206,747.405378429979,5.927524015972758,483.2309122278804,-15.719222803290013,3.901471542214184,558.9980788284656,112.64071660427626,557.4133369021204,163.68878842403612
Sheffield,2021,39.941285482163785,367.93019999999996,117.00606799400774,769.4891026303455,6.170297656434238,504.3384633176585,-15.624556873457355,4.094940035806898,554.401,127.53767432962984,572.0281078120306,155.52270609900248
Wakefield,2005,52.59475663027162,338.61980000000005,364.5916371165659,803.4187104078502,9.340797301158917,749.959696911814,-3.2081714890980018,9.92260415653843,318.765,122.49911465688275,827.7756596702698,245.3475100544177
Wakefield,2006,50.15475331144857,338.61980000000005,381.7261270550145,796.2893732672992,9.018836612465837,656.2220277474194,-3.4241821051997907,9.534139979476208,320.318,123.1408260659262,821.0496939860509,228.79803061790068
Wakefield,2007,51.26016761506392,338.61980000000005,357.68568844901324,762.870933158725,8.78385783569046,638.7304953831292,-4.215454809652173,9.247281776931251,321.65,116.6330810095676,823.7458283375164,227.67744440657265
Wakefield,2008,51.49895272656545,338.61980000000005,367.4445720450417,755.3707998350632,8.585593278062776,627.0088122789322,-5.387330642994537,8.992761496557131,323.288,117.23850813216097,785.1171975495198,208.96036677467316
Wakefield,2009,49.76727170257598,338.61980000000005,326.25681369693086,691.1704338985226,7.8336310771377855,554.3044755909855,-5.268621792075227,8.175323187301581,324.467,103.07870625381454,747.1837327442045,186.12977651922316
Wakefield,2010,51.251654163063066,338.61980000000005,329.98768558787106,744.9069722372824,8.13358400610772,593.4062243380939,-5.472123458245492,8.458952347030499,325.595,105.26964588311755,747.956331125441,186.88619955477193
Wakefield,2011,51.0270222991175,338.61980000000005,305.63776095803263,653.6741813357924,7.627237351238903,540.073459194142,-5.79028568031044,7.911986797992383,326.433,97.08272583298289,753.623959871168,187.40476261812267
Wakefield,2012,49.26213172137855,338.61980000000005,340.67961249381307,695.7077877885329,8.104137295711364,608.6636108760516,-5.758845379574847,8.361687898729452,328.18988025890144,109.39352139069807,740.823071980645,205.4504593747787
Wakefield,2013,47.25409890412228,338.61980000000005,324.3430426578009,674.8404785468788,7.868813420177097,600.7734742926822,-6.33918391817345,8.05944748461642,330.61025978066783,103.83735645167435,741.2925747436682,178.53418489903171
Wakefield,2014,49.105253365721396,338.61980000000005,283.74071712329015,574.8342953785804,7.353688797710559,559.2146064204411,-6.299347851567139,7.476718494585055,333.04779787368295,92.30711767664687,769.3523517979231,167.8496360319546
Wakefield,2015,48.40082971323677,338.61980000000005,249.5276077799947,560.5577481480395,6.97218357187743,495.64787921952575,-7.069430838603776,7.028028007088046,335.92914033514666,79.77974674993646,791.7012692068636,142.37375669342862
Wakefield,2016,47.07788704100123,338.61980000000005,225.55887139171125,536.0886039687543,6.642235089697454,445.9056710411022,-6.098400973907772,6.60774509716328,340.3872704762655,66.43408346981312,816.6817561788017,117.54384550905743
Wakefield,2017,47.82051154299474,338.61980000000005,193.87385894674188,512.6289021383351,6.48859936179649,448.12217349643845,-6.794765730741415,6.376553710999793,344.5698597945562,71.90256847107075,814.7567868416389,114.85818246517725
Wakefield,2018,52.25847886818794,338.61980000000005,100.41492998270633,505.62010640197366,6.468624736125369,560.4357588348529,-6.295230249934278,6.285425814813905,348.48942282626837,73.21165931994213,810.5552290024025,94.20348226169487
Wakefield,2019,54.54681934867981,338.61980000000005,83.25457500038422,495.6106611444055,6.253833060462645,531.7191831501352,-6.292759775014291,6.026036702424107,351.4203123448234,59.77215426771949,814.8623442646013,84.19872276633768
Wakefield,2020,51.05099824055559,338.61980000000005,68.77241935339937,479.25937593312165,5.58380597904165,491.1912735779978,-6.2079782835337225,5.343713625398565,353.833943285249,54.632183580693216,672.810922432687,79.27806902696682
Wakefield,2021,51.237023115168284,338.61980000000005,110.21912044473777,491.9163234653192,6.0059961486451385,532.3642433708744,-6.07178832045228,5.748269412425558,353.802,56.060941559176825,716.3016093854816,81.72174163468149
York,2005,64.95129989311951,272.0148,270.00533842903246,484.8331295998886,5.520847373444795,200.92943377537213,3.5910891179253914,7.978961151232698,188.214,90.0001946209266,331.96589615032894,55.47581253151748
York,2006,63.85549248043158,272.0148,270.54481969394294,481.4946642740264,5.466234560107829,196.73253493836086,3.5560329768816716,7.8681358081714645,188.977,87.36520412499144,330.46136281222016,52.88658931996382
York,2007,61.07721531513165,272.0148,233.6592284714047,460.93119515093014,4.984148987543814,155.68288785830168,2.6281667230163896,7.144239289755666,189.77,71.44499196544017,331.8910739399276,38.447530592780254
York,2008,61.91499591006731,272.0148,231.08871737007547,461.98895413862755,4.898968329635459,142.699385302795,1.2912014812055128,6.985405782899247,190.768,68.52587796834962,318.108392749885,46.97436547111772
York,2009,61.27133881289505,272.0148,209.69199305703498,423.7950958262434,4.553245543921363,124.90663258532861,1.684800016891429,6.4374378942642885,192.398,60.90444136563943,308.2676381352509,48.028236181376684
York,2010,63.62802290748161,272.0148,228.64741983957452,459.35711369705047,4.791324685482614,139.43873234753102,1.535063836299609,6.681248916064059,195.07,66.76494574664737,305.78632105157635,38.15360663045494
York,2011,62.545880318561174,272.0148,204.92817617541957,405.42281944953453,4.3956390008168755,121.70504644878652,0.7963583797660887,6.045407662333983,197.783,59.5438457194811,300.3792418057083,40.357495382145565
York,2012,67.97023676993456,272.0148,208.58784520154123,435.15199638026235,4.575086727185052,127.48945776614865,1.5128708334973762,6.294477498439085,197.7116132969746,61.249973608028995,302.8792036830814,39.64971683540172
York,2013,58.613351619339284,272.0148,202.25917042665642,420.4097752369162,4.46432072061367,130.65937445989422,0.6611774141790958,6.098744100233044,199.11661942123138,60.895938812449444,301.76189933374854,39.10062065040017
York,2014,56.16334101268765,272.0148,179.81980380509498,358.8491490069738,4.384580604157829,118.96323735816813,0.6427737278882701,5.961591562370046,200.05912911781593,53.70988684638691,307.64325317578334,116.87937119088816
York,2015,59.13263870491928,272.0148,151.739762647676,349.222953743551,4.021688599357424,117.54619752298075,0.08937977586169438,5.449012416879025,200.76276879601338,47.460037519059654,316.0440110200429,52.72383908239886
York,2016,57.68525070531567,272.0148,134.10693013280076,331.703280859772,3.8043995653140286,112.40176149814894,0.9168591856063655,5.109440142445199,202.5374518594004,41.66502460101041,326.44032894956035,29.933550946768378
York,2017,57.9914628424358,272.0148,106.69547185418686,313.1109257064354,3.6132603872042353,106.64453450043727,0.6456211505795244,4.826811870002784,203.62515217994516,39.18057931765485,329.41347160566346,29.1782345958892
York,2018,57.54229338789544,272.0148,84.7542934292272,306.2650662432911,3.569932179787667,120.74066245565567,0.948724743895371,4.756174939666072,204.17129315404972,42.65708382167075,327.70533324880336,30.460930568067116
York,2019,55.72498989658894,272.0148,71.07578309328443,297.23109236629375,3.3924807032950186,108.66077997068761,0.8115274352640507,4.516297347570912,204.32776874334544,42.22250948630882,326.5528013759609,20.52547638626541
York,2020,49.68661200494698,272.0148,55.50419243655855,285.8743693889521,2.9994515934479202,105.32919008243516,0.9258996799381417,4.037066474130248,202.10101332978297,33.87744548550362,260.3907461383014,24.306770084781434
York,2021,51.80403264700613,272.0148,69.40158068604588,294.07827882227457,3.229887185787717,128.1013620586921,1.0746973030197977,4.356465532471581,201.672,48.14938174108804,261.8898030967562,24.07798050972611
